date,temperature_2m_max,temperature_2m_min,temperature_2m_mean,precipitation_sum,wind_speed_10m_max,shortwave_radiation_sum,apparent_temperature_max,apparent_temperature_min,daylight_duration,sunrise_hour,sunset_hour,state,latitude,longitude,region,elevation,variables_count,thermal_range,growing_degree_days,chill_hours_estimate,heat_stress_risk,is_dry_day,is_rainy_day,high_radiation_day,daylight_hours,month,day_of_year,agricultural_season
2025-10-20 06:00:00+00:00,25.3265,12.7765,18.511917,0.0,24.064188,22.98,24.554382,11.711336,41659.094,6.296321096427275,17.703678903572726,Guanajuato,21.019,-101.2574,Bajio_Agricola,2023.0,11,12.55,9.0515,0,0,1,0,1,11.571971,10,293,autumn
2025-10-21 06:00:00+00:00,25.7265,9.2265005,17.714,0.0,27.043764,24.17,22.5193,6.404627,41591.176,6.305719729907994,17.694280270092005,Guanajuato,21.019,-101.2574,Bajio_Agricola,2023.0,11,16.5,7.4764996,0,0,1,0,1,11.553104,10,294,autumn
2025-10-22 06:00:00+00:00,24.7265,10.8765,17.880667,0.0,23.977188,23.07,23.276043,9.086465,41523.53,6.31505057619592,17.68494942380408,Guanajuato,21.019,-101.2574,Bajio_Agricola,2023.0,11,13.849999,7.8015003,0,0,1,0,1,11.534314,10,295,autumn
2025-10-23 06:00:00+00:00,25.776499,10.9765005,18.20358,0.0,21.555704,22.6,25.728947,9.584916,41456.223,6.324310933654852,17.67568906634515,Guanajuato,21.019,-101.2574,Bajio_Agricola,2023.0,11,14.799998,8.376499,0,0,1,0,1,11.515617,10,296,autumn
2025-10-24 06:00:00+00:00,25.676498,10.6265,18.176502,0.0,17.728857,21.86,24.535772,9.630964,41389.305,6.333498063654252,17.666501936345746,Guanajuato,21.019,-101.2574,Bajio_Agricola,2023.0,11,15.049998,8.151499,0,0,1,0,1,11.497029,10,297,autumn
2025-10-25 06:00:00+00:00,26.6265,13.4265,19.68275,0.0,14.230248,22.62,25.004723,11.913923,41322.84,6.3426091909085685,17.65739080909143,Guanajuato,21.019,-101.2574,Bajio_Agricola,2023.0,11,13.199999,10.026501,0,0,1,0,1,11.478566,10,298,autumn
2025-10-26 06:00:00+00:00,26.176498,13.7765,19.689001,0.0,18.289274,20.34,25.175959,12.87229,41256.895,6.351641503960823,17.648358496039176,Guanajuato,21.019,-101.2574,Bajio_Agricola,2023.0,11,12.399999,9.9765,0,0,1,0,1,11.460249,10,299,autumn
2025-10-27 06:00:00+00:00,26.8265,11.8765,19.13275,1.7,18.839045,20.31,26.076393,10.205105,41191.523,6.360592155814408,17.63940784418559,Guanajuato,21.019,-101.2574,Bajio_Agricola,2023.0,11,14.95,9.3515,0,0,0,0,1,11.44209,10,300,autumn
2025-10-28 06:00:00+00:00,26.926498,13.0765,19.441082,0.0,31.452133,21.84,25.442541,11.590191,41126.79,6.369458264716705,17.630541735283295,Guanajuato,21.019,-101.2574,Bajio_Agricola,2023.0,11,13.849998,10.001499,0,0,1,0,1,11.4241085,10,301,autumn
2025-10-29 06:00:00+00:00,21.4765,11.7265005,16.386917,0.0,30.684587,17.93,18.432146,9.170897,41062.77,6.3782369150979665,17.621763084902035,Guanajuato,21.019,-101.2574,Bajio_Agricola,2023.0,11,9.749999,6.6014996,0,0,1,0,0,11.406325,10,302,autumn
2025-10-30 06:00:00+00:00,22.1265,7.8265,15.089,0.0,13.060857,20.65,20.441957,6.4764347,40999.52,6.386925158668559,17.61307484133144,Guanajuato,21.019,-101.2574,Bajio_Agricola,2023.0,11,14.299999,4.9764996,0,0,1,0,1,11.388756,10,303,autumn
2025-10-31 06:00:00+00:00,23.0765,11.5765,17.205667,0.0,15.589497,20.9,22.121935,9.796806,40937.11,6.395520015677348,17.60447998432265,Guanajuato,21.019,-101.2574,Bajio_Agricola,2023.0,11,11.5,7.3265,0,0,1,0,1,11.371419,10,304,autumn
2025-11-01 06:00:00+00:00,23.3765,12.0265,17.380669,0.0,14.465102,20.39,21.428461,9.912006,40875.605,6.404018476333679,17.59598152366632,Guanajuato,21.019,-101.2574,Bajio_Agricola,2023.0,11,11.349999,7.7015,0,0,1,0,1,11.354335,11,305,autumn
2025-11-02 06:00:00+00:00,21.5765,11.8265,15.964001,0.0,24.214516,19.74,20.757463,8.437288,40815.07,6.41241750239497,17.58758249760503,Guanajuato,21.019,-101.2574,Bajio_Agricola,2023.0,11,9.75,6.7015,0,0,1,0,0,11.33752,11,306,autumn
2025-11-03 06:00:00+00:00,22.426498,7.5265,14.214,0.0,25.328884,22.35,22.332758,5.1022406,40755.35,6.420714028921552,17.57928597107845,Guanajuato,21.019,-101.2574,Bajio_Agricola,2023.0,11,14.899998,4.9764996,0,0,1,0,1,11.320931,11,307,autumn
2025-11-04 06:00:00+00:00,23.4765,5.6765003,13.926501,0.0,21.396542,22.4,21.571215,3.1192489,40695.92,6.428904966199894,17.571095033800106,Guanajuato,21.019,-101.2574,Bajio_Agricola,2023.0,11,17.8,4.5765,0,0,1,0,1,11.304422,11,308,autumn
2025-11-05 06:00:00+00:00,23.9765,6.4765,14.855666,0.0,21.510565,22.15,22.855042,3.6118526,40636.816,6.436987201834931,17.56301279816507,Guanajuato,21.019,-101.2574,Bajio_Agricola,2023.0,11,17.5,5.2264996,0,0,1,0,1,11.288005,11,309,autumn
2025-11-06 06:00:00+00:00,24.426498,6.2765,15.2265005,0.0,19.881649,22.67,22.56997,2.2951746,40578.113,6.444957603011581,17.55504239698842,Guanajuato,21.019,-101.2574,Bajio_Agricola,2023.0,11,18.149998,5.3514996,0,0,1,0,1,11.271698,11,310,autumn
2025-11-07 06:00:00+00:00,23.926498,9.6265,16.299417,0.0,11.351422,22.11,21.270563,6.507633,40519.86,6.452813018925076,17.547186981074923,Guanajuato,21.019,-101.2574,Bajio_Agricola,2023.0,11,14.299998,6.776499,0,0,1,0,1,11.255516,11,311,autumn
2025-11-08 06:00:00+00:00,24.026499,10.0765,16.85983,0.0,13.15971,21.6,22.15759,7.126194,40462.13,6.4605502833791055,17.539449716620894,Guanajuato,21.019,-101.2574,Bajio_Agricola,2023.0,11,13.949999,7.0514984,0,0,1,0,1,11.23948,11,312,autumn
2025-11-09 06:00:00+00:00,24.3265,9.3765,16.286915,0.0,40.575127,21.27,21.213043,6.036068,40404.98,6.468166217550165,17.531833782449837,Guanajuato,21.019,-101.2574,Bajio_Agricola,2023.0,11,14.95,6.8514996,0,0,1,0,1,11.223606,11,313,autumn
2025-11-10 06:00:00+00:00,18.276499,8.3265,12.816085,0.0,37.260433,19.37,14.033937,3.008366,40348.484,6.4756576329158255,17.524342367084174,Guanajuato,21.019,-101.2574,Bajio_Agricola,2023.0,11,9.949999,3.3014994,0,0,1,0,0,11.207912,11,314,autumn
2025-11-11 06:00:00+00:00,20.9765,5.5265,12.80775,0.0,20.188908,20.57,19.557926,3.0941925,40292.707,6.483021334344026,17.516978665655973,Guanajuato,21.019,-101.2574,Bajio_Agricola,2023.0,11,15.449999,3.2515001,0,0,1,0,1,11.192419,11,315,autumn
2025-11-12 06:00:00+00:00,23.176498,7.0265,14.951499,0.0,23.801556,20.01,21.184622,4.148881,40237.71,6.490254123339752,17.509745876660247,Guanajuato,21.019,-101.2574,Bajio_Agricola,2023.0,11,16.149998,5.1014996,0,0,1,0,1,11.177142,11,316,autumn
2025-11-13 06:00:00+00:00,24.6265,9.9265,16.7015,0.0,22.91026,20.69,22.40749,5.6172676,40183.57,6.49735280144475,17.502647198555252,Guanajuato,21.019,-101.2574,Bajio_Agricola,2023.0,11,14.699999,7.2765007,0,0,1,0,1,11.162103,11,317,autumn
2025-11-14 06:00:00+00:00,25.8765,8.5765,17.022333,0.0,21.384424,20.53,23.37679,5.034767,40130.36,6.504314173785242,17.495685826214757,Guanajuato,21.019,-101.2574,Bajio_Agricola,2023.0,11,17.3,7.2264996,0,0,1,0,1,11.147322,11,318,autumn
2025-11-15 06:00:00+00:00,25.3265,10.1265,17.580667,0.0,12.9625,20.79,22.528101,7.1145964,40078.14,6.511135052761789,17.488864947238213,Guanajuato,21.019,-101.2574,Bajio_Agricola,2023.0,11,15.2,7.7264996,0,0,1,0,1,11.132817,11,319,autumn
2025-11-16 06:00:00+00:00,25.8265,11.8765,19.011915,0.0,13.141232,19.95,23.583618,9.304808,40026.984,6.517812261874742,17.48218773812526,Guanajuato,21.019,-101.2574,Bajio_Agricola,2023.0,11,13.95,8.8515,0,0,1,0,0,11.118607,11,320,autumn
2025-11-17 06:00:00+00:00,24.776499,12.1265,18.459833,0.0,9.5416975,19.93,23.356798,9.928617,39976.97,6.52434263967797,17.47565736032203,Guanajuato,21.019,-101.2574,Bajio_Agricola,2023.0,11,12.649999,8.4515,0,0,1,0,0,11.104713,11,321,autumn
2025-11-18 06:00:00+00:00,25.426498,12.5765,18.616083,0.1,10.304114,19.71,23.71113,10.788747,39928.164,6.530723043852733,17.46927695614727,Guanajuato,21.019,-101.2574,Bajio_Agricola,2023.0,11,12.849998,9.001499,0,0,1,0,0,11.091157,11,322,autumn
2025-11-19 06:00:00+00:00,26.2265,13.5765,19.124418,0.0,14.396625,19.95,24.130514,12.108601,39880.652,6.5369503553928565,17.463049644607143,Guanajuato,21.019,-101.2574,Bajio_Agricola,2023.0,11,12.65,9.901501,0,0,1,0,0,11.077959,11,323,autumn
2025-10-20 06:00:00+00:00,35.451,24.451,29.501,0.0,12.0653715,19.74,38.90745,28.959145,41268.32,6.356607533003529,17.64339246699647,Sinaloa,24.8069,-107.394,Pacifico_Intensivo,54.0,11,11.0,19.951,0,1,1,0,0,11.463423,10,293,autumn
2025-10-21 06:00:00+00:00,36.401,24.801,29.923918,0.0,13.339445,19.7,39.51534,29.513031,41186.406,6.367929020461085,17.632070979538916,Sinaloa,24.8069,-107.394,Pacifico_Intensivo,54.0,11,11.6,20.601002,0,1,1,0,0,11.440668,10,294,autumn
2025-10-22 06:00:00+00:00,35.751003,25.201,29.871834,0.0,11.39842,19.9,40.412354,30.058262,41104.812,6.379169849396756,17.620830150603243,Sinaloa,24.8069,-107.394,Pacifico_Intensivo,54.0,11,10.550003,20.476002,0,1,1,0,0,11.418003,10,295,autumn
2025-10-23 06:00:00+00:00,34.451,24.651,29.228083,0.0,13.647988,17.7,39.455654,29.028442,41023.61,6.390326773868651,17.60967322613135,Sinaloa,24.8069,-107.394,Pacifico_Intensivo,54.0,11,9.800001,19.550999,0,1,1,0,0,11.395447,10,296,autumn
2025-10-24 06:00:00+00:00,34.751003,24.751,29.032251,0.2,12.140329,18.0,38.96538,30.132065,40942.87,6.401396501022348,17.598603498977653,Sinaloa,24.8069,-107.394,Pacifico_Intensivo,54.0,11,10.000004,19.751001,0,1,1,0,0,11.37302,10,297,autumn
2025-10-25 06:00:00+00:00,35.351,24.451,28.921835,0.0,14.494192,18.77,37.440266,27.84755,40862.67,6.4123756914367425,17.587624308563257,Sinaloa,24.8069,-107.394,Pacifico_Intensivo,54.0,11,10.900002,19.901001,0,1,1,0,0,11.350742,10,298,autumn
2025-10-26 06:00:00+00:00,34.551003,21.001,27.448915,0.0,12.487641,19.79,35.197933,24.683458,40783.086,6.423260959647237,17.576739040352763,Sinaloa,24.8069,-107.394,Pacifico_Intensivo,54.0,11,13.550003,17.776001,0,1,1,0,0,11.328635,10,299,autumn
2025-10-27 06:00:00+00:00,34.801003,20.351,27.521833,0.0,12.0653715,19.89,35.378857,22.580397,40704.19,6.434048874851372,17.56595112514863,Sinaloa,24.8069,-107.394,Pacifico_Intensivo,54.0,11,14.450003,17.576,0,1,1,0,0,11.30672,10,300,autumn
2025-10-28 06:00:00+00:00,34.701,20.901,27.655167,0.0,11.368535,19.62,36.297943,24.23584,40626.06,6.444735961801729,17.55526403819827,Sinaloa,24.8069,-107.394,Pacifico_Intensivo,54.0,11,13.800001,17.800999,0,1,1,0,0,11.285016,10,301,autumn
2025-10-29 06:00:00+00:00,35.601,22.601,28.171837,0.0,12.570394,19.57,37.409454,25.601301,40548.773,6.455318701890711,17.54468129810929,Sinaloa,24.8069,-107.394,Pacifico_Intensivo,54.0,11,13.000002,19.101002,0,1,1,0,0,11.263548,10,302,autumn
2025-10-30 06:00:00+00:00,33.701,23.351,27.82392,0.0,14.512064,16.53,37.339836,27.229935,40472.4,6.4657935344313815,17.53420646556862,Sinaloa,24.8069,-107.394,Pacifico_Intensivo,54.0,11,10.35,18.526001,0,1,1,0,0,11.242332,10,303,autumn
2025-10-31 06:00:00+00:00,32.601,23.751,27.540583,0.0,12.37819,16.85,36.059494,28.729855,40397.04,6.476156858138194,17.523843141861807,Sinaloa,24.8069,-107.394,Pacifico_Intensivo,54.0,11,8.850002,18.176,0,1,1,0,0,11.221399,10,304,autumn
2025-11-01 06:00:00+00:00,33.601,22.451,27.205164,0.0,15.472672,18.57,36.628662,26.698956,40322.758,6.4864050328110485,17.51359496718895,Sinaloa,24.8069,-107.394,Pacifico_Intensivo,54.0,11,11.150002,18.026001,0,1,1,0,0,11.200766,11,305,autumn
2025-11-02 06:00:00+00:00,35.601,22.901,28.309334,0.0,14.120539,18.83,37.619385,26.835266,40249.65,6.496534381225585,17.503465618774413,Sinaloa,24.8069,-107.394,Pacifico_Intensivo,54.0,11,12.700003,19.251,0,1,1,0,0,11.180458,11,306,autumn
2025-11-03 06:00:00+00:00,36.451,22.901,28.590586,0.0,12.841963,19.03,38.577217,22.968262,40177.508,6.506541191232159,17.49345880876784,Sinaloa,24.8069,-107.394,Pacifico_Intensivo,54.0,11,13.550001,19.675999,0,1,1,0,0,11.1604185,11,307,autumn
2025-11-04 06:00:00+00:00,35.801003,22.401,28.113497,0.0,12.783802,18.59,37.45489,26.701286,40105.707,6.516421718065383,17.483578281934616,Sinaloa,24.8069,-107.394,Pacifico_Intensivo,54.0,11,13.400003,19.101002,0,1,1,0,0,11.140474,11,308,autumn
2025-11-05 06:00:00+00:00,35.651,22.401,28.109331,0.0,9.840914,18.53,38.582302,25.94057,40034.297,6.5261721868654785,17.47382781313452,Sinaloa,24.8069,-107.394,Pacifico_Intensivo,54.0,11,13.250002,19.026001,0,1,1,0,0,11.120638,11,309,autumn
2025-11-06 06:00:00+00:00,35.151,21.801,28.130167,0.0,11.079873,18.12,38.408848,23.373775,39963.35,6.535788795412093,17.464211204587908,Sinaloa,24.8069,-107.394,Pacifico_Intensivo,54.0,11,13.35,18.476002,0,1,1,0,0,11.100931,11,310,autumn
2025-11-07 06:00:00+00:00,34.001003,22.401,27.317665,0.0,12.325728,18.24,37.083176,23.885157,39892.945,6.545267717070518,17.454732282929484,Sinaloa,24.8069,-107.394,Pacifico_Intensivo,54.0,11,11.600004,18.201,0,1,1,0,0,11.081374,11,311,autumn
2025-11-08 06:00:00+00:00,33.701,21.301,26.869751,0.0,13.379461,17.88,34.119125,24.978354,39823.168,6.554605103949498,17.4453948960505,Sinaloa,24.8069,-107.394,Pacifico_Intensivo,54.0,11,12.4,17.501,0,0,1,0,0,11.061991,11,312,autumn
2025-11-09 06:00:00+00:00,34.951,20.251,27.146835,0.0,11.966953,17.99,33.546486,23.135952,39754.08,6.563797090269122,17.436202909730877,Sinaloa,24.8069,-107.394,Pacifico_Intensivo,54.0,11,14.700001,17.601,0,0,1,0,0,11.0428,11,313,autumn
2025-11-10 06:00:00+00:00,36.051003,22.851,28.50725,0.0,9.826088,17.98,35.75282,20.858345,39685.773,6.572839795936352,17.427160204063647,Sinaloa,24.8069,-107.394,Pacifico_Intensivo,54.0,11,13.200003,19.451,0,1,1,0,0,11.023826,11,314,autumn
2025-11-11 06:00:00+00:00,36.551003,21.901,28.380163,0.0,13.403656,17.39,36.232246,22.016516,39618.32,6.581729330325066,17.418270669674932,Sinaloa,24.8069,-107.394,Pacifico_Intensivo,54.0,11,14.650003,19.226002,0,1,1,0,0,11.005089,11,315,autumn
2025-11-12 06:00:00+00:00,37.101,21.601,28.557251,0.0,14.2336645,17.86,35.83669,22.25719,39551.81,6.590461796256439,17.409538203743562,Sinaloa,24.8069,-107.394,Pacifico_Intensivo,54.0,11,15.500002,19.351002,0,1,1,0,0,10.986613,11,316,autumn
2025-11-13 06:00:00+00:00,36.751003,21.101,28.167671,0.0,15.861461,17.79,35.100513,21.747826,39486.324,6.5990332941747205,17.40096670582528,Sinaloa,24.8069,-107.394,Pacifico_Intensivo,54.0,11,15.650003,18.926003,0,1,1,0,0,10.968424,11,317,autumn
2025-11-14 06:00:00+00:00,35.901,19.951,27.44475,0.0,13.350371,17.68,33.523067,20.905537,39421.95,6.6074399265124475,17.39256007348755,Sinaloa,24.8069,-107.394,Pacifico_Intensivo,54.0,11,15.950001,17.926,0,0,1,0,0,10.9505415,11,318,autumn
2025-11-15 06:00:00+00:00,35.051003,19.951,26.838501,0.0,13.883356,17.71,32.364937,21.347326,39358.77,6.6156778022382,17.3843221977618,Sinaloa,24.8069,-107.394,Pacifico_Intensivo,54.0,11,15.100002,17.501001,0,0,1,0,0,10.932992,11,319,autumn
2025-11-16 06:00:00+00:00,34.851,18.751,26.869753,0.0,14.455019,17.37,33.253555,20.042618,39296.875,6.623743041579041,17.37625695842096,Sinaloa,24.8069,-107.394,Pacifico_Intensivo,54.0,11,16.100002,16.801,0,0,1,0,0,10.915798,11,320,autumn
2025-11-17 06:00:00+00:00,35.151,19.351,27.036417,0.0,15.281989,17.52,33.812702,18.758965,39236.344,6.631631780908793,17.368368219091206,Sinaloa,24.8069,-107.394,Pacifico_Intensivo,54.0,11,15.800001,17.251,0,0,1,0,0,10.898984,11,321,autumn
2025-11-18 06:00:00+00:00,34.901,20.101,26.736414,0.0,17.020235,17.0,33.86303,19.983955,39177.277,6.639340177792309,17.36065982220769,Sinaloa,24.8069,-107.394,Pacifico_Intensivo,54.0,11,14.800001,17.501,0,0,1,0,0,10.882577,11,322,autumn
2025-11-19 06:00:00+00:00,31.101,20.301,25.782251,0.0,10.685391,8.66,30.79689,21.427568,39119.76,6.646864416174901,17.3531355838251,Sinaloa,24.8069,-107.394,Pacifico_Intensivo,54.0,11,10.799999,15.701,0,0,1,0,0,10.8666,11,323,autumn
2025-10-20 06:00:00+00:00,29.7605,22.2605,24.520918,1.7000002,12.096214,13.28,33.401093,26.6601,42072.594,6.232109622122148,17.76789037787785,Chiapas,16.7569,-93.1292,Sur_Tropical,538.0,11,7.5,16.0105,0,0,0,0,0,11.686831,10,293,autumn
2025-10-21 06:00:00+00:00,30.7605,22.1105,24.812582,1.5,18.329973,14.56,34.46154,26.302586,42019.387,6.239465619965986,17.760534380034013,Chiapas,16.7569,-93.1292,Sur_Tropical,538.0,11,8.65,16.435501,0,0,0,0,0,11.672051,10,294,autumn
2025-10-22 06:00:00+00:00,30.6105,22.2605,25.01258,3.8999999,16.928614,19.66,35.337944,26.344898,41966.395,6.246768006633069,17.75323199336693,Chiapas,16.7569,-93.1292,Sur_Tropical,538.0,11,8.35,16.435501,0,1,0,0,0,11.657331,10,295,autumn
2025-10-23 06:00:00+00:00,32.0105,21.3105,25.672998,0.4,15.697197,20.76,34.370804,24.842207,41913.67,6.254014663228108,17.74598533677189,Chiapas,16.7569,-93.1292,Sur_Tropical,538.0,11,10.700003,16.6605,0,0,1,0,1,11.642687,10,296,autumn
2025-10-24 06:00:00+00:00,31.1605,20.6605,25.177162,1.6,17.49337,20.88,34.89221,23.951406,41861.266,6.261203443224758,17.73879655677524,Chiapas,16.7569,-93.1292,Sur_Tropical,538.0,11,10.5,15.9105,0,0,0,0,1,11.628129,10,297,autumn
2025-10-25 06:00:00+00:00,32.9105,19.6605,25.26258,0.0,14.508715,21.92,36.788456,22.624151,41809.22,6.268332172764461,17.73166782723554,Chiapas,16.7569,-93.1292,Sur_Tropical,538.0,11,13.25,16.2855,0,1,1,0,1,11.613672,10,298,autumn
2025-10-26 06:00:00+00:00,32.9605,20.3105,25.273,0.0,17.504478,20.33,37.034054,23.550743,41757.586,6.2753986510660935,17.724601348933906,Chiapas,16.7569,-93.1292,Sur_Tropical,538.0,11,12.65,16.635498,0,1,1,0,1,11.599329,10,299,autumn
2025-10-27 06:00:00+00:00,33.3605,20.0105,25.360504,0.0,19.229696,21.68,35.1559,22.546894,41706.41,6.282400650949269,17.71759934905073,Chiapas,16.7569,-93.1292,Sur_Tropical,538.0,11,13.35,16.685501,0,1,1,0,1,11.585114,10,300,autumn
2025-10-28 06:00:00+00:00,32.6605,20.8605,25.547998,0.4,13.902015,20.68,35.692608,24.588646,41655.746,6.289335919473904,17.710664080526097,Chiapas,16.7569,-93.1292,Sur_Tropical,538.0,11,11.799999,16.7605,0,1,1,0,1,11.57104,10,301,autumn
2025-10-29 06:00:00+00:00,29.1105,20.6105,24.468832,0.6,22.350462,19.4,29.685452,22.157206,41605.637,6.296202178698468,17.70379782130153,Chiapas,16.7569,-93.1292,Sur_Tropical,538.0,11,8.5,14.8605,0,0,1,0,0,11.557121,10,302,autumn
2025-10-30 06:00:00+00:00,27.210499,19.210499,22.483416,0.90000004,17.63816,16.1,28.186127,21.07735,41556.14,6.302997126559113,17.697002873440887,Chiapas,16.7569,-93.1292,Sur_Tropical,538.0,11,8.0,13.210499,0,0,1,0,0,11.543372,10,303,autumn
2025-10-31 06:00:00+00:00,30.3105,18.4105,22.779251,0.0,15.4642935,20.99,32.56792,20.283184,41507.305,6.309718437871614,17.690281562128387,Chiapas,16.7569,-93.1292,Sur_Tropical,538.0,11,11.9,14.3605,0,0,1,0,1,11.529807,10,304,autumn
2025-11-01 06:00:00+00:00,31.9105,19.2605,23.927162,0.0,14.734735,20.04,34.10767,21.760921,41459.188,6.31636376545776,17.68363623454224,Chiapas,16.7569,-93.1292,Sur_Tropical,538.0,11,12.65,15.585499,0,0,1,0,1,11.516441,11,305,autumn
2025-11-02 06:00:00+00:00,29.1105,19.460499,23.60425,0.0,23.842358,21.14,29.513542,21.376184,41411.836,6.322930741397558,17.677069258602444,Chiapas,16.7569,-93.1292,Sur_Tropical,538.0,11,9.650002,14.2855,0,0,1,0,1,11.503287,11,306,autumn
2025-11-03 06:00:00+00:00,31.4105,18.3605,23.183416,0.1,21.007627,20.7,30.555183,19.485123,41365.125,6.329416978408235,17.670583021591767,Chiapas,16.7569,-93.1292,Sur_Tropical,538.0,11,13.049999,14.8855,0,0,1,0,1,11.490313,11,307,autumn
2025-11-04 06:00:00+00:00,29.6105,18.0605,22.616753,0.0,20.64436,19.28,30.142044,19.509241,41318.65,6.335820071350747,17.664179928649254,Chiapas,16.7569,-93.1292,Sur_Tropical,538.0,11,11.550001,13.835499,0,0,1,0,0,11.477403,11,308,autumn
2025-11-05 06:00:00+00:00,29.710499,19.1105,23.258417,0.0,17.884428,16.32,32.149033,21.249323,41272.434,6.342137598864027,17.657862401135972,Chiapas,16.7569,-93.1292,Sur_Tropical,538.0,11,10.599998,14.4105,0,0,1,0,0,11.464565,11,309,autumn
2025-11-06 06:00:00+00:00,28.0605,20.460499,23.525084,0.2,17.477621,16.56,30.57809,23.218239,41226.535,6.348367125126909,17.65163287487309,Chiapas,16.7569,-93.1292,Sur_Tropical,538.0,11,7.6000004,14.260498,0,0,1,0,0,11.451816,11,310,autumn
2025-11-07 06:00:00+00:00,32.0605,20.4105,25.129248,0.1,8.2584505,19.12,34.01668,23.758957,41181.0,6.354506201747129,17.645493798252872,Chiapas,16.7569,-93.1292,Sur_Tropical,538.0,11,11.650002,16.2355,0,0,1,0,0,11.439167,11,311,autumn
2025-11-08 06:00:00+00:00,33.1105,20.4105,25.700083,0.2,14.000713,19.88,35.9041,23.872643,41135.88,6.360552369776476,17.639447630223522,Chiapas,16.7569,-93.1292,Sur_Tropical,538.0,11,12.700001,16.7605,0,1,1,0,0,11.426633,11,312,autumn
2025-11-09 06:00:00+00:00,31.3105,21.2605,25.527163,0.1,18.865683,19.01,34.502056,25.164408,41091.215,6.366503161850593,17.633496838149405,Chiapas,16.7569,-93.1292,Sur_Tropical,538.0,11,10.049999,16.2855,0,0,1,0,0,11.414227,11,313,autumn
2025-11-10 06:00:00+00:00,28.8605,20.3105,23.0605,12.4,17.399586,6.68,28.94492,21.775272,41047.066,6.372356104451522,17.627643895548477,Chiapas,16.7569,-93.1292,Sur_Tropical,538.0,11,8.550001,14.585499,0,0,0,1,0,11.401963,11,314,autumn
2025-11-11 06:00:00+00:00,25.8105,18.4105,21.831331,0.3,20.778112,17.99,25.23519,18.954443,41003.49,6.3781087202905296,17.62189127970947,Chiapas,16.7569,-93.1292,Sur_Tropical,538.0,11,7.3999996,12.1105,0,0,1,0,0,11.389858,11,315,autumn
2025-11-12 06:00:00+00:00,27.6605,16.8605,20.923,0.0,18.745079,19.53,27.986603,17.703466,40960.527,6.38375853080826,17.616241469191742,Chiapas,16.7569,-93.1292,Sur_Tropical,538.0,11,10.799999,12.2605,0,0,1,0,0,11.377924,11,316,autumn
2025-11-13 06:00:00+00:00,28.4105,15.5105,21.112577,0.0,19.121557,18.14,27.958157,16.255554,40918.234,6.389303058788727,17.610696941211273,Chiapas,16.7569,-93.1292,Sur_Tropical,538.0,11,12.9,11.960499,0,0,1,0,0,11.366177,11,317,autumn
2025-11-14 06:00:00+00:00,28.4105,17.1105,22.220917,0.0,15.7908325,15.47,28.449574,18.231657,40876.676,6.394739831083089,17.60526016891691,Chiapas,16.7569,-93.1292,Sur_Tropical,538.0,11,11.299999,12.7605,0,0,1,0,0,11.354632,11,318,autumn
2025-11-15 06:00:00+00:00,28.7605,19.8105,23.152166,0.0,14.174356,15.42,31.281654,22.640635,40835.9,6.400066381438645,17.599933618561355,Chiapas,16.7569,-93.1292,Sur_Tropical,538.0,11,8.950001,14.2855,0,0,1,0,0,11.343306,11,319,autumn
2025-11-16 06:00:00+00:00,31.8605,20.710499,24.981333,1.5,10.304114,18.43,33.794605,24.176517,40795.957,6.40528025342786,17.59471974657214,Chiapas,16.7569,-93.1292,Sur_Tropical,538.0,11,11.150002,16.2855,0,0,0,0,0,11.332211,11,320,autumn
2025-11-17 06:00:00+00:00,31.8105,20.6605,25.691748,0.3,9.801326,18.84,34.745113,24.600586,40756.91,6.410379003471759,17.58962099652824,Chiapas,16.7569,-93.1292,Sur_Tropical,538.0,11,11.15,16.2355,0,0,1,0,0,11.321364,11,321,autumn
2025-11-18 06:00:00+00:00,32.5105,21.1605,25.75425,0.3,14.618837,18.15,35.406258,24.98865,40718.816,6.415360203951381,17.58463979604862,Chiapas,16.7569,-93.1292,Sur_Tropical,538.0,11,11.350002,16.8355,0,1,1,0,0,11.310782,11,322,autumn
2025-11-19 06:00:00+00:00,33.0605,21.7605,25.702166,0.9,15.210799,18.8,35.683113,25.613934,40681.734,6.420221446400483,17.579778553599517,Chiapas,16.7569,-93.1292,Sur_Tropical,538.0,11,11.300001,17.4105,0,1,1,0,0,11.300482,11,323,autumn
2025-10-20 06:00:00+00:00,35.043003,17.643,26.11175,0.0,12.172312,19.84,35.07069,16.312845,40798.8,6.429227593172021,17.570772406827977,Sonora,29.0729,-110.9559,Norte_Arido,206.0,11,17.400003,16.343002,0,1,1,0,0,11.333,10,293,autumn
2025-10-21 06:00:00+00:00,35.543003,19.442999,27.088837,0.0,12.72283,19.27,35.566387,17.831945,40699.938,6.442873337725086,17.557126662274914,Sonora,29.0729,-110.9559,Norte_Arido,206.0,11,16.100004,17.493,0,1,1,0,0,11.305538,10,294,autumn
2025-10-22 06:00:00+00:00,35.943,21.843,28.486748,0.0,12.5032,18.74,33.67045,20.697212,40601.453,6.4564236160071715,17.54357638399283,Sonora,29.0729,-110.9559,Norte_Arido,206.0,11,14.1,18.893002,0,0,1,0,0,11.278181,10,295,autumn
2025-10-23 06:00:00+00:00,33.493,23.442999,27.94925,0.0,14.2336645,18.56,31.73869,23.181673,40503.426,6.469874531658444,17.530125468341556,Sonora,29.0729,-110.9559,Norte_Arido,206.0,11,10.050001,18.467999,0,0,1,0,0,11.250952,10,296,autumn
2025-10-24 06:00:00+00:00,30.843,16.843,23.963835,0.0,10.215693,19.6,29.16592,14.85417,40405.94,6.4832221277019,17.5167778722981,Sonora,29.0729,-110.9559,Norte_Arido,206.0,11,14.0,13.843,0,0,1,0,0,11.223872,10,297,autumn
2025-10-25 06:00:00+00:00,31.593,17.793,24.415916,0.0,15.159591,17.61,31.190483,14.859749,40309.098,6.49646238684246,17.50353761315754,Sonora,29.0729,-110.9559,Norte_Arido,206.0,11,13.800001,14.693001,0,0,1,0,0,11.196972,10,298,autumn
2025-10-26 06:00:00+00:00,33.243,18.143,25.607584,0.0,13.684735,19.05,32.160103,15.680208,40212.98,6.5095912319853095,17.49040876801469,Sonora,29.0729,-110.9559,Norte_Arido,206.0,11,15.1,15.693001,0,0,1,0,0,11.170273,10,299,autumn
2025-10-27 06:00:00+00:00,34.643,18.093,26.388838,0.0,14.913952,18.99,33.589634,15.4128475,40117.676,6.5226045269804755,17.477395473019524,Sonora,29.0729,-110.9559,Norte_Arido,206.0,11,16.550001,16.368,0,0,1,0,0,11.143799,10,300,autumn
2025-10-28 06:00:00+00:00,34.443,19.243,26.480501,0.0,14.480773,18.86,33.20376,16.126854,40023.28,6.535498077600236,17.464501922399762,Sonora,29.0729,-110.9559,Norte_Arido,206.0,11,15.200001,16.843,0,0,1,0,0,11.1175785,10,301,autumn
2025-10-29 06:00:00+00:00,36.643,20.643,28.27217,0.0,19.249905,18.43,35.606667,17.740028,39929.89,6.548267632755774,17.451732367244226,Sonora,29.0729,-110.9559,Norte_Arido,206.0,11,16.000002,18.643002,0,1,1,0,0,11.091637,10,302,autumn
2025-10-30 06:00:00+00:00,33.443,20.243,26.909662,0.0,15.137133,17.9,33.293976,17.834356,39837.6,6.560908885958952,17.439091114041048,Sonora,29.0729,-110.9559,Norte_Arido,206.0,11,13.200001,16.843,0,0,1,0,0,11.066,10,303,autumn
2025-10-31 06:00:00+00:00,32.593002,19.843,26.203415,0.0,10.636766,17.92,33.01854,20.120068,39746.508,6.573417477034765,17.426582522965234,Sonora,29.0729,-110.9559,Norte_Arido,206.0,11,12.750002,16.218002,0,0,1,0,0,11.040696,10,304,autumn
2025-11-01 06:00:00+00:00,34.043003,19.293,26.624252,0.0,13.684735,17.79,34.522804,19.181654,39656.715,6.5857889940894525,17.41421100591055,Sonora,29.0729,-110.9559,Norte_Arido,206.0,11,14.750004,16.668001,0,0,1,0,0,11.015754,11,305,autumn
2025-11-02 06:00:00+00:00,34.993,18.442999,26.680498,0.0,11.9140415,18.03,33.487667,15.475443,39568.312,6.5980189757387455,17.401981024261254,Sonora,29.0729,-110.9559,Norte_Arido,206.0,11,16.550001,16.717999,0,0,1,0,0,10.991198,11,306,autumn
2025-11-03 06:00:00+00:00,35.843002,18.793,27.168,0.0,12.815443,17.78,34.470013,15.903816,39481.07,6.610102913600098,17.389897086399902,Sonora,29.0729,-110.9559,Norte_Arido,206.0,11,17.050003,17.318,0,0,1,0,0,10.966964,11,307,autumn
2025-11-04 06:00:00+00:00,35.693,17.843,26.976334,0.0,14.059602,17.79,34.080887,14.309502,39394.227,6.6220362550520315,17.37796374494797,Sonora,29.0729,-110.9559,Norte_Arido,206.0,11,17.85,16.768002,0,0,1,0,0,10.942841,11,308,autumn
2025-11-05 06:00:00+00:00,36.043003,20.043,27.524248,0.0,15.717823,17.59,34.519382,15.927233,39307.844,6.633814406263119,17.36618559373688,Sonora,29.0729,-110.9559,Norte_Arido,206.0,11,16.000004,18.043001,0,0,1,0,0,10.918845,11,309,autumn
2025-11-06 06:00:00+00:00,34.243,20.192999,27.032583,0.0,14.993038,17.61,32.418674,17.608921,39222.008,6.645432735492169,17.354567264507832,Sonora,29.0729,-110.9559,Norte_Arido,206.0,11,14.050001,17.217999,0,0,1,0,0,10.895002,11,310,autumn
2025-11-07 06:00:00+00:00,32.143,17.343,25.247164,0.0,10.6261,17.42,30.40831,14.429485,39136.81,6.656886576660445,17.343113423339556,Sonora,29.0729,-110.9559,Norte_Arido,206.0,11,14.800001,14.743,0,0,1,0,0,10.871336,11,311,autumn
2025-11-08 06:00:00+00:00,31.393,16.993,24.290915,0.0,12.5807,17.24,30.153595,14.293837,39052.348,6.668171233195772,17.33182876680423,Sonora,29.0729,-110.9559,Norte_Arido,206.0,11,14.4,14.193001,0,0,1,0,0,10.847875,11,312,autumn
2025-11-09 06:00:00+00:00,34.043003,17.493,25.101334,0.0,13.733186,17.0,31.76115,14.549654,38968.715,6.679281982147474,17.320718017852528,Sonora,29.0729,-110.9559,Norte_Arido,206.0,11,16.550003,15.768002,0,0,1,0,0,10.824643,11,313,autumn
2025-11-10 06:00:00+00:00,35.643,23.343,27.982584,0.0,23.525661,17.12,32.360477,17.977377,38886.01,6.690214078569953,17.30978592143005,Sonora,29.0729,-110.9559,Norte_Arido,206.0,11,12.300001,19.493,0,0,1,0,0,10.80167,11,314,autumn
2025-11-11 06:00:00+00:00,33.693,18.743,25.9055,0.0,19.73854,16.75,31.973938,14.479507,38804.33,6.700962760171755,17.299037239828245,Sonora,29.0729,-110.9559,Norte_Arido,206.0,11,14.950001,16.218,0,0,1,0,0,10.77898,11,315,autumn
2025-11-12 06:00:00+00:00,32.293003,17.942999,25.324244,0.0,13.259049,16.46,31.084633,14.388409,38723.773,6.71152325222575,17.28847674777425,Sonora,29.0729,-110.9559,Norte_Arido,206.0,11,14.350004,15.118,0,0,1,0,0,10.756604,11,316,autumn
2025-11-13 06:00:00+00:00,31.493,17.442999,24.768,0.0,10.717182,15.3,30.446636,16.559334,38644.445,6.721890772734922,17.278109227265077,Sonora,29.0729,-110.9559,Norte_Arido,206.0,11,14.050001,14.4679985,0,0,1,0,0,10.734569,11,317,autumn
2025-11-14 06:00:00+00:00,31.393,17.243,24.37425,0.0,11.712455,16.38,29.823109,14.981554,38566.445,6.732060537847004,17.267939462152995,Sonora,29.0729,-110.9559,Norte_Arido,206.0,11,14.15,14.318001,0,0,1,0,0,10.712901,11,318,autumn
2025-11-15 06:00:00+00:00,30.942999,17.093,24.211748,0.0,11.91812,15.64,29.22298,14.701366,38489.88,6.742027767509998,17.25797223249,Sonora,29.0729,-110.9559,Norte_Arido,206.0,11,13.849998,14.018,0,0,1,0,0,10.691633,11,319,autumn
2025-11-16 06:00:00+00:00,27.543,19.093,23.197165,0.0,17.965767,14.4,26.902765,19.236916,38414.855,6.751787691359242,17.24821230864076,Sonora,29.0729,-110.9559,Norte_Arido,206.0,11,8.449999,13.318001,0,0,1,0,0,10.670794,11,320,autumn
2025-11-17 06:00:00+00:00,26.743,15.393,21.153418,0.0,12.431733,15.81,25.68991,14.314074,38341.48,6.761335554825499,17.2386644451745,Sonora,29.0729,-110.9559,Norte_Arido,206.0,11,11.35,11.068001,0,0,1,0,0,10.650412,11,321,autumn
2025-11-18 06:00:00+00:00,23.692999,17.093,20.397167,1.2,15.053425,9.38,23.07254,16.83786,38269.863,6.770666625452087,17.229333374547913,Sonora,29.0729,-110.9559,Norte_Arido,206.0,11,6.5999985,10.393,0,0,0,0,0,10.630518,11,322,autumn
2025-11-19 06:00:00+00:00,24.543,15.792999,19.659666,8.299999,16.458931,12.19,23.698172,15.574297,38200.113,6.77977619940783,17.22022380059217,Sonora,29.0729,-110.9559,Norte_Arido,206.0,11,8.75,10.167999,0,0,0,0,0,10.611142,11,323,autumn
2025-10-20 06:00:00+00:00,29.191,23.890999,26.770166,24.000002,22.69785,20.2,33.992218,28.146263,41840.6,6.268108589821223,17.731891410178775,Veracruz,19.1738,-96.1342,Golfo_Humedo,8.0,11,5.300001,16.541,0,0,0,1,1,11.62239,10,293,autumn
2025-10-21 06:00:00+00:00,28.941,24.441,26.224335,6.9000006,13.609951,19.99,35.593037,28.440994,41779.152,6.276609135974819,17.72339086402518,Veracruz,19.1738,-96.1342,Golfo_Humedo,8.0,11,4.5,16.691,0,1,0,0,0,11.60532,10,294,autumn
2025-10-22 06:00:00+00:00,28.541,23.091,25.984749,11.900002,18.710478,19.37,33.574856,26.68627,41717.953,6.2850480703235805,17.71495192967642,Veracruz,19.1738,-96.1342,Golfo_Humedo,8.0,11,5.450001,15.816,0,0,0,1,0,11.588321,10,295,autumn
2025-10-23 06:00:00+00:00,29.191,24.091,26.40975,3.4999995,13.510796,19.67,33.930008,27.583176,41657.062,6.293422946952527,17.706577053047475,Veracruz,19.1738,-96.1342,Golfo_Humedo,8.0,11,5.1000004,16.640999,0,0,0,0,0,11.571406,10,296,autumn
2025-10-24 06:00:00+00:00,28.991,23.841,26.355583,0.8,9.109138,20.41,34.805134,28.115788,41596.527,6.301731287204,17.698268712796,Veracruz,19.1738,-96.1342,Golfo_Humedo,8.0,11,5.1499996,16.416,0,0,1,0,1,11.554591,10,297,autumn
2025-10-25 06:00:00+00:00,29.991,23.390999,26.58475,0.0,14.869351,20.49,35.816273,27.135794,41536.406,6.309970580002859,17.690029419997142,Veracruz,19.1738,-96.1342,Golfo_Humedo,8.0,11,6.6000004,16.690998,0,1,1,0,1,11.53789,10,298,autumn
2025-10-26 06:00:00+00:00,30.591,23.941,26.88475,0.2,13.891522,20.38,37.60813,28.721943,41476.754,6.318138282311041,17.68186171768896,Veracruz,19.1738,-96.1342,Golfo_Humedo,8.0,11,6.6499996,17.265999,0,1,1,0,1,11.52132,10,299,autumn
2025-10-27 06:00:00+00:00,29.890999,23.841,26.599333,0.3,13.690653,20.96,35.799683,28.164547,41417.63,6.326231819714907,17.673768180285094,Veracruz,19.1738,-96.1342,Golfo_Humedo,8.0,11,6.049999,16.866,0,1,1,0,1,11.504897,10,300,autumn
2025-10-28 06:00:00+00:00,29.491,23.941,26.634752,0.1,12.781267,20.11,35.089653,28.527004,41359.09,6.334248587148529,17.66575141285147,Veracruz,19.1738,-96.1342,Golfo_Humedo,8.0,11,5.549999,16.716,0,1,1,0,1,11.488636,10,301,autumn
2025-10-29 06:00:00+00:00,29.591,24.191,25.93683,1.8,49.20095,18.53,30.389282,19.660103,41301.19,6.342185949755881,17.65781405024412,Veracruz,19.1738,-96.1342,Golfo_Humedo,8.0,11,5.3999996,16.890999,0,0,0,0,0,11.472553,10,302,autumn
2025-10-30 06:00:00+00:00,26.241,21.691,24.1785,0.0,38.03413,18.26,25.827307,20.080755,41243.992,6.350041243894621,17.649958756105377,Veracruz,19.1738,-96.1342,Golfo_Humedo,8.0,11,4.549999,13.966,0,0,1,0,0,11.456664,10,303,autumn
2025-10-31 06:00:00+00:00,26.791,19.390999,23.538918,0.0,11.638917,16.06,30.431164,20.169008,41187.555,6.357811778283808,17.642188221716193,Veracruz,19.1738,-96.1342,Golfo_Humedo,8.0,11,7.4000015,13.091,0,0,1,0,0,11.440988,10,304,autumn
2025-11-01 06:00:00+00:00,28.991,21.591,25.074335,0.0,14.260953,20.22,32.723316,24.535355,41131.945,6.365494835297665,17.634505164702336,Veracruz,19.1738,-96.1342,Golfo_Humedo,8.0,11,7.3999996,15.291,0,0,1,0,1,11.42554,11,305,autumn
2025-11-02 06:00:00+00:00,27.441,22.140999,25.018084,4.5,37.688404,16.98,29.631004,23.643713,41077.21,6.3730876724070615,17.62691232759294,Veracruz,19.1738,-96.1342,Golfo_Humedo,8.0,11,5.300001,14.791,0,0,0,0,0,11.4103365,11,306,autumn
2025-11-03 06:00:00+00:00,25.791,22.591,24.220167,19.000002,31.92654,14.5,25.635548,22.954308,41023.22,6.380587523770047,17.619412476229954,Veracruz,19.1738,-96.1342,Golfo_Humedo,8.0,11,3.2000008,14.191,0,0,0,1,0,11.395339,11,307,autumn
2025-11-04 06:00:00+00:00,26.191,21.441,24.497248,0.6,25.182636,9.44,26.755207,22.93007,40969.492,6.387991601972345,17.612008398027655,Veracruz,19.1738,-96.1342,Golfo_Humedo,8.0,11,4.75,13.816,0,0,1,0,0,11.380415,11,308,autumn
2025-11-05 06:00:00+00:00,27.191,22.341,24.920172,0.0,16.854767,18.37,29.998135,23.569223,40916.062,6.3952970999183085,17.60470290008169,Veracruz,19.1738,-96.1342,Golfo_Humedo,8.0,11,4.8500004,14.765999,0,0,1,0,0,11.365573,11,309,autumn
2025-11-06 06:00:00+00:00,27.191,22.491,25.001417,0.8,12.397806,18.62,31.113178,25.280575,40862.996,6.402501192872294,17.597498807127707,Veracruz,19.1738,-96.1342,Golfo_Humedo,8.0,11,4.700001,14.841,0,0,1,0,0,11.350832,11,310,autumn
2025-11-07 06:00:00+00:00,28.991,22.191,25.557669,0.0,14.589996,18.84,32.68473,25.250374,40810.344,6.409601040649998,17.59039895935,Veracruz,19.1738,-96.1342,Golfo_Humedo,8.0,11,6.799999,15.591,0,0,1,0,0,11.336206,11,311,autumn
2025-11-08 06:00:00+00:00,29.541,22.241,25.907663,0.0,13.543131,18.59,34.57771,25.84842,40758.16,6.416593789958723,17.583406210041275,Veracruz,19.1738,-96.1342,Golfo_Humedo,8.0,11,7.300001,15.890999,0,0,1,0,0,11.321712,11,312,autumn
2025-11-09 06:00:00+00:00,28.841,23.991,26.116,1.2,32.424488,17.87,33.38623,25.32939,40706.51,6.423476576885025,17.576523423114974,Veracruz,19.1738,-96.1342,Golfo_Humedo,8.0,11,4.8500004,16.416,0,0,0,0,0,11.307364,11,313,autumn
2025-11-10 06:00:00+00:00,25.491,22.341,23.843084,6.5000005,43.385975,5.87,24.429825,18.454954,40655.453,6.430246529527565,17.569753470472435,Veracruz,19.1738,-96.1342,Golfo_Humedo,8.0,11,3.1499996,13.916,0,0,0,0,0,11.293181,11,314,autumn
2025-11-11 06:00:00+00:00,24.041,20.941,22.957666,0.2,36.04677,14.68,25.228811,19.117374,40605.05,6.4369007707724855,17.563099229227515,Veracruz,19.1738,-96.1342,Golfo_Humedo,8.0,11,3.1000004,12.491001,0,0,1,0,0,11.279181,11,315,autumn
2025-11-12 06:00:00+00:00,26.041,19.041,22.63475,0.7,11.712455,14.41,29.157578,20.506998,40555.355,6.443436421207906,17.556563578792094,Veracruz,19.1738,-96.1342,Golfo_Humedo,8.0,11,7.0,12.541,0,0,1,0,0,11.265376,11,316,autumn
2025-11-13 06:00:00+00:00,25.741,20.191,23.461832,1.4000001,12.399113,16.28,28.54647,22.64348,40506.438,6.449850602173609,17.55014939782639,Veracruz,19.1738,-96.1342,Golfo_Humedo,8.0,11,5.549999,12.966,0,0,0,0,0,11.251788,11,317,autumn
2025-11-14 06:00:00+00:00,26.691,20.841,24.184752,1.0,9.109138,16.61,30.045288,23.454319,40458.355,6.456140438941256,17.543859561058746,Veracruz,19.1738,-96.1342,Golfo_Humedo,8.0,11,5.8500004,13.765999,0,0,0,0,0,11.238432,11,318,autumn
2025-11-15 06:00:00+00:00,28.640999,22.091,25.168081,0.0,14.618837,16.62,31.997524,25.262136,40411.176,6.462303064019853,17.537696935980147,Veracruz,19.1738,-96.1342,Golfo_Humedo,8.0,11,6.549999,15.365999,0,0,1,0,0,11.225327,11,319,autumn
2025-11-16 06:00:00+00:00,28.890999,21.841,25.220167,0.1,15.481048,15.81,32.57892,24.89349,40364.96,6.468335620580531,17.531664379419468,Veracruz,19.1738,-96.1342,Golfo_Humedo,8.0,11,7.049999,15.365999,0,0,1,0,0,11.212489,11,320,autumn
2025-11-17 06:00:00+00:00,28.991,22.640999,25.884745,0.0,13.202726,16.96,34.03382,26.442488,40319.78,6.474235265994013,17.52576473400599,Veracruz,19.1738,-96.1342,Golfo_Humedo,8.0,11,6.3500004,15.815998,0,0,1,0,0,11.199939,11,321,autumn
2025-11-18 06:00:00+00:00,29.991,23.941,26.593086,0.5,14.096425,17.12,35.650837,28.985168,40275.7,6.4799991754734725,17.520000824526527,Veracruz,19.1738,-96.1342,Golfo_Humedo,8.0,11,6.049999,16.966,0,1,1,0,0,11.187695,11,322,autumn
2025-11-19 06:00:00+00:00,28.941,23.591,26.17642,1.0,12.791403,17.26,33.79119,28.726921,40232.78,6.485624545814831,17.51437545418517,Veracruz,19.1738,-96.1342,Golfo_Humedo,8.0,11,5.3500004,16.265999,0,0,0,0,0,11.175773,11,323,autumn
2025-10-20 06:00:00+00:00,27.168001,13.868,19.538834,0.0,16.895088,21.81,26.46484,13.290829,41701.324,6.289681983430777,17.710318016569225,Queretaro,20.5888,-100.3899,Bajio_Templado,1821.0,11,13.300001,10.518002,0,0,1,0,1,11.583701,10,293,autumn
2025-10-21 06:00:00+00:00,28.018,11.368,18.772167,0.0,20.688257,23.62,25.142162,10.411965,41634.914,6.298869180910635,17.701130819089364,Queretaro,20.5888,-100.3899,Bajio_Templado,1821.0,11,16.65,9.693001,0,0,1,0,1,11.565254,10,294,autumn
2025-10-22 06:00:00+00:00,24.968,13.118,18.617998,0.0,18.888851,15.22,22.876564,12.548285,41568.773,6.3079900363694525,17.692009963630547,Queretaro,20.5888,-100.3899,Bajio_Templado,1821.0,11,11.85,9.042999,0,0,1,0,0,11.546882,10,295,autumn
2025-10-23 06:00:00+00:00,27.968,13.668,19.386747,0.0,15.978486,21.51,27.21083,13.256403,41502.96,6.317041908298555,17.682958091701444,Queretaro,20.5888,-100.3899,Bajio_Templado,1821.0,11,14.3,10.818001,0,0,1,0,1,11.528601,10,296,autumn
2025-10-24 06:00:00+00:00,28.518,13.018001,19.843002,0.0,13.6063795,22.67,26.992796,12.305073,41437.527,6.326022119216251,17.67397788078375,Queretaro,20.5888,-100.3899,Bajio_Templado,1821.0,11,15.499999,10.768,0,0,1,0,1,11.510425,10,297,autumn
2025-10-25 06:00:00+00:00,28.668001,11.718,20.409666,0.0,13.672893,22.46,28.876701,10.989081,41372.543,6.33492795600438,17.66507204399562,Queretaro,20.5888,-100.3899,Bajio_Templado,1821.0,11,16.95,10.193001,0,0,1,0,1,11.492373,10,298,autumn
2025-10-26 06:00:00+00:00,29.618,12.218,20.668001,0.0,16.848038,21.96,29.234669,11.573843,41308.06,6.343756670385627,17.656243329614373,Queretaro,20.5888,-100.3899,Bajio_Templado,1821.0,11,17.4,10.917999,0,0,1,0,1,11.474461,10,299,autumn
2025-10-27 06:00:00+00:00,28.668001,12.868,20.353416,0.0,16.546297,22.06,27.864052,12.273012,41244.145,6.352505479545352,17.64749452045465,Queretaro,20.5888,-100.3899,Bajio_Templado,1821.0,11,15.800001,10.768002,0,0,1,0,1,11.456707,10,300,autumn
2025-10-28 06:00:00+00:00,29.768,11.468,20.290915,0.0,16.63126,22.39,28.552917,11.163992,41180.855,6.361171566901473,17.638828433098528,Queretaro,20.5888,-100.3899,Bajio_Templado,1821.0,11,18.3,10.618,0,0,1,0,1,11.439127,10,301,autumn
2025-10-29 06:00:00+00:00,21.368,10.718,16.190918,0.0,24.407097,15.94,18.46602,8.096677,41118.266,6.369752083025736,17.630247916974263,Queretaro,20.5888,-100.3899,Bajio_Templado,1821.0,11,10.65,6.0429993,0,0,1,0,0,11.421741,10,302,autumn
2025-10-30 06:00:00+00:00,25.518,8.518001,16.24925,0.0,13.719023,21.65,24.30553,6.5225525,41056.42,6.378244146719325,17.621755853280675,Queretaro,20.5888,-100.3899,Bajio_Templado,1821.0,11,17.0,7.0179996,0,0,1,0,1,11.404562,10,303,autumn
2025-10-31 06:00:00+00:00,26.968,8.968,18.130499,0.0,15.8502245,18.43,26.483429,7.47274,40995.406,6.386644846245539,17.613355153754462,Queretaro,20.5888,-100.3899,Bajio_Templado,1821.0,11,18.0,7.9680004,0,0,1,0,0,11.387613,10,304,autumn
2025-11-01 06:00:00+00:00,26.518,10.768001,18.618002,0.0,10.934166,19.44,25.277212,9.890076,40935.27,6.394951240721867,17.605048759278134,Queretaro,20.5888,-100.3899,Bajio_Templado,1821.0,11,15.749999,8.643,0,0,1,0,0,11.370908,11,305,autumn
2025-11-02 06:00:00+00:00,21.918001,12.068001,16.195082,0.0,22.277134,16.79,20.414877,9.410197,40876.094,6.403160361673399,17.5968396383266,Queretaro,20.5888,-100.3899,Bajio_Templado,1821.0,11,9.85,6.993,0,0,1,0,0,11.35447,11,306,autumn
2025-11-03 06:00:00+00:00,22.868,9.718,15.034664,0.0,17.71423,21.52,21.039236,7.4550104,40817.707,6.411269214749155,17.588730785250846,Queretaro,20.5888,-100.3899,Bajio_Templado,1821.0,11,13.15,6.2929993,0,0,1,0,1,11.338252,11,307,autumn
2025-11-04 06:00:00+00:00,24.218,8.818001,15.534668,0.0,15.99571,21.96,21.859291,6.690151,40759.6,6.419274781602382,17.580725218397617,Queretaro,20.5888,-100.3899,Bajio_Templado,1821.0,11,15.4,6.5180016,0,0,1,0,1,11.322111,11,308,autumn
2025-11-05 06:00:00+00:00,26.118,9.468,16.759668,0.0,15.379206,21.6,24.262772,8.250812,40701.83,6.427174021935491,17.572825978064508,Queretaro,20.5888,-100.3899,Bajio_Templado,1821.0,11,16.65,7.7929993,0,0,1,0,1,11.306064,11,309,autumn
2025-11-06 06:00:00+00:00,26.318,7.218,16.822165,0.0,12.966248,22.26,23.765457,5.3461084,40644.438,6.434963875709696,17.565036124290305,Queretaro,20.5888,-100.3899,Bajio_Templado,1821.0,11,19.1,6.7679996,0,0,1,0,1,11.290121,11,310,autumn
2025-11-07 06:00:00+00:00,27.118,7.4179997,17.403418,0.0,7.973005,22.21,25.038347,5.529208,40587.484,6.442641265518955,17.557358734481046,Queretaro,20.5888,-100.3899,Bajio_Templado,1821.0,11,19.7,7.2679996,0,0,1,0,1,11.274302,11,311,autumn
2025-11-08 06:00:00+00:00,27.468,8.418,18.043001,0.0,10.105681,21.72,25.973997,7.1729393,40531.05,6.45020309912718,17.54979690087282,Queretaro,20.5888,-100.3899,Bajio_Templado,1821.0,11,19.05,7.943001,0,0,1,0,1,11.258625,11,312,autumn
2025-11-09 06:00:00+00:00,26.368,8.018001,17.015917,0.0,24.670507,21.79,22.381529,5.104272,40475.184,6.457646272167139,17.54235372783286,Queretaro,20.5888,-100.3899,Bajio_Templado,1821.0,11,18.349998,7.193001,0,0,1,0,1,11.243107,11,313,autumn
2025-11-10 06:00:00+00:00,17.618,9.268001,13.132585,0.0,28.962107,18.0,13.757931,4.6327763,40419.953,6.464967670998784,17.535032329001215,Queretaro,20.5888,-100.3899,Bajio_Templado,1821.0,11,8.349999,3.4430008,0,0,1,0,0,11.227765,11,314,autumn
2025-11-11 06:00:00+00:00,21.668001,6.618,13.26175,0.0,19.300331,19.21,19.105618,3.6187692,40365.43,6.47216417572416,17.52783582427584,Queretaro,20.5888,-100.3899,Bajio_Templado,1821.0,11,15.050001,4.1430006,0,0,1,0,0,11.21262,11,315,autumn
2025-11-12 06:00:00+00:00,25.518,5.768,15.520084,0.0,18.360882,20.79,23.908012,4.000803,40311.67,6.479232663355282,17.520767336644717,Queretaro,20.5888,-100.3899,Bajio_Templado,1821.0,11,19.75,5.6429996,0,0,1,0,1,11.197686,11,316,autumn
2025-11-13 06:00:00+00:00,25.918001,8.068,16.811752,0.0,16.90563,20.81,22.81363,5.3875895,40258.75,6.486170011130779,17.51382998886922,Queretaro,20.5888,-100.3899,Bajio_Templado,1821.0,11,17.850002,6.993,0,0,1,0,1,11.182986,11,317,autumn
2025-11-14 06:00:00+00:00,26.668001,8.018001,17.301334,0.0,15.891054,20.26,24.350727,6.2638674,40206.734,6.4929730999763,17.5070269000237,Queretaro,20.5888,-100.3899,Bajio_Templado,1821.0,11,18.650002,7.3430004,0,0,1,0,1,11.168537,11,318,autumn
2025-11-15 06:00:00+00:00,28.518,7.4179997,18.095085,0.0,11.307095,20.92,26.451551,5.754343,40155.684,6.499638818102992,17.50036118189701,Queretaro,20.5888,-100.3899,Bajio_Templado,1821.0,11,21.1,7.9680004,0,0,1,0,1,11.154357,11,319,autumn
2025-11-16 06:00:00+00:00,28.868,9.918,19.447168,0.0,12.886039,20.37,27.568943,8.23395,40105.688,6.506164064737652,17.493835935262346,Queretaro,20.5888,-100.3899,Bajio_Templado,1821.0,11,18.95,9.393,0,0,1,0,1,11.140469,11,320,autumn
2025-11-17 06:00:00+00:00,27.868,10.718,19.530499,0.0,9.109138,19.99,26.309238,8.761994,40056.797,6.512545753977359,17.48745424602264,Queretaro,20.5888,-100.3899,Bajio_Templado,1821.0,11,17.15,9.292999,0,0,1,0,0,11.126888,11,321,autumn
2025-11-18 06:00:00+00:00,28.618,11.218,20.115915,0.1,11.431063,19.58,28.080273,10.985471,40009.1,6.5187808187606855,17.481219181239315,Queretaro,20.5888,-100.3899,Bajio_Templado,1821.0,11,17.4,9.917999,0,0,1,0,0,11.113639,11,322,autumn
2025-11-19 06:00:00+00:00,28.518,11.218,19.776335,0.0,17.782686,20.12,25.58274,10.131414,39962.656,6.524866214946854,17.475133785053146,Queretaro,20.5888,-100.3899,Bajio_Templado,1821.0,11,17.3,9.868,0,0,1,0,1,11.100738,11,323,autumn
