datetime,temperature_2m,relative_humidity_2m,precipitation,wind_speed_10m,shortwave_radiation,state,latitude,longitude,data_type
2025-11-12 06:00:00+00:00,12.586,44.925385,0.0,10.094454,0.0,Aguascalientes,21.8853,-102.2916,hourly
2025-11-12 07:00:00+00:00,11.986,46.900356,0.0,8.39078,0.0,Aguascalientes,21.8853,-102.2916,hourly
2025-11-12 08:00:00+00:00,10.986,50.8318,0.0,7.4520864,0.0,Aguascalientes,21.8853,-102.2916,hourly
2025-11-12 09:00:00+00:00,10.086,55.941864,0.0,7.889259,0.0,Aguascalientes,21.8853,-102.2916,hourly
2025-11-12 10:00:00+00:00,9.136001,62.45407,0.0,7.9138603,0.0,Aguascalientes,21.8853,-102.2916,hourly
2025-11-12 11:00:00+00:00,8.386001,67.35432,0.0,7.329338,0.0,Aguascalientes,21.8853,-102.2916,hourly
2025-11-12 12:00:00+00:00,7.686,68.9008,0.0,9.178235,0.0,Aguascalientes,21.8853,-102.2916,hourly
2025-11-12 13:00:00+00:00,7.236,69.547966,0.0,8.049845,0.0,Aguascalientes,21.8853,-102.2916,hourly
2025-11-12 14:00:00+00:00,8.386001,63.173454,0.0,8.854829,72.0,Aguascalientes,21.8853,-102.2916,hourly
2025-11-12 15:00:00+00:00,12.036,47.253,0.0,6.763786,288.0,Aguascalientes,21.8853,-102.2916,hourly
2025-11-12 16:00:00+00:00,16.335999,31.286377,0.0,7.968939,512.0,Aguascalientes,21.8853,-102.2916,hourly
2025-11-12 17:00:00+00:00,19.886,20.588919,0.0,8.61371,693.0,Aguascalientes,21.8853,-102.2916,hourly
2025-11-12 18:00:00+00:00,21.986,17.236994,0.0,11.7,807.0,Aguascalientes,21.8853,-102.2916,hourly
2025-11-12 19:00:00+00:00,23.386,15.3649025,0.0,11.7,841.0,Aguascalientes,21.8853,-102.2916,hourly
2025-11-12 20:00:00+00:00,24.236,13.639828,0.0,10.134496,812.0,Aguascalientes,21.8853,-102.2916,hourly
2025-11-12 21:00:00+00:00,24.685999,13.027814,0.0,9.568824,708.0,Aguascalientes,21.8853,-102.2916,hourly
2025-11-12 22:00:00+00:00,24.585999,12.859152,0.0,9.165871,540.0,Aguascalientes,21.8853,-102.2916,hourly
2025-11-12 23:00:00+00:00,23.986,12.979096,0.0,9.984729,324.0,Aguascalientes,21.8853,-102.2916,hourly
2025-11-13 00:00:00+00:00,22.335999,13.855222,0.0,9.12513,98.0,Aguascalientes,21.8853,-102.2916,hourly
2025-11-13 01:00:00+00:00,20.636,15.731931,0.0,12.24,0.0,Aguascalientes,21.8853,-102.2916,hourly
2025-11-13 02:00:00+00:00,18.886,18.356455,0.0,9.867218,0.0,Aguascalientes,21.8853,-102.2916,hourly
2025-11-13 03:00:00+00:00,17.585999,20.686934,0.0,7.973005,0.0,Aguascalientes,21.8853,-102.2916,hourly
2025-11-13 04:00:00+00:00,16.236,23.227167,0.0,5.402999,0.0,Aguascalientes,21.8853,-102.2916,hourly
2025-11-13 05:00:00+00:00,15.536,25.79626,0.0,6.5049515,0.0,Aguascalientes,21.8853,-102.2916,hourly
2025-11-13 06:00:00+00:00,13.836,29.771112,0.0,9.721666,0.0,Aguascalientes,21.8853,-102.2916,hourly
2025-11-13 07:00:00+00:00,13.036,33.411472,0.0,11.074022,0.0,Aguascalientes,21.8853,-102.2916,hourly
2025-11-13 08:00:00+00:00,12.236,35.47171,0.0,10.934166,0.0,Aguascalientes,21.8853,-102.2916,hourly
2025-11-13 09:00:00+00:00,11.286,38.471684,0.0,8.217153,0.0,Aguascalientes,21.8853,-102.2916,hourly
2025-11-13 10:00:00+00:00,10.336,42.676678,0.0,7.8583965,0.0,Aguascalientes,21.8853,-102.2916,hourly
2025-11-13 11:00:00+00:00,9.736,45.414806,0.0,8.209263,0.0,Aguascalientes,21.8853,-102.2916,hourly
2025-11-13 12:00:00+00:00,9.136001,49.407753,0.0,8.209263,0.0,Aguascalientes,21.8853,-102.2916,hourly
2025-11-13 13:00:00+00:00,8.836,50.23365,0.0,8.2584505,0.0,Aguascalientes,21.8853,-102.2916,hourly
2025-11-13 14:00:00+00:00,10.186,46.38504,0.0,10.134496,70.0,Aguascalientes,21.8853,-102.2916,hourly
2025-11-13 15:00:00+00:00,14.086,36.150757,0.0,8.654986,262.0,Aguascalientes,21.8853,-102.2916,hourly
2025-11-13 16:00:00+00:00,17.935999,25.51364,0.0,10.829959,503.0,Aguascalientes,21.8853,-102.2916,hourly
2025-11-13 17:00:00+00:00,20.736,19.608847,0.0,11.103243,682.0,Aguascalientes,21.8853,-102.2916,hourly
2025-11-13 18:00:00+00:00,22.986,16.342932,0.0,11.583109,794.0,Aguascalientes,21.8853,-102.2916,hourly
2025-11-13 19:00:00+00:00,24.636,14.3611145,0.0,10.009036,834.0,Aguascalientes,21.8853,-102.2916,hourly
2025-11-13 20:00:00+00:00,25.685999,12.894284,0.0,8.149847,803.0,Aguascalientes,21.8853,-102.2916,hourly
2025-11-13 21:00:00+00:00,26.136,12.413653,0.0,7.9383874,699.0,Aguascalientes,21.8853,-102.2916,hourly
2025-11-13 22:00:00+00:00,26.036,12.582058,0.0,8.452336,532.0,Aguascalientes,21.8853,-102.2916,hourly
2025-11-13 23:00:00+00:00,25.335999,13.066024,0.0,8.958504,319.0,Aguascalientes,21.8853,-102.2916,hourly
2025-11-14 00:00:00+00:00,23.386,16.808859,0.0,4.3573384,95.0,Aguascalientes,21.8853,-102.2916,hourly
2025-11-14 01:00:00+00:00,21.986,16.35316,0.0,9.939196,0.0,Aguascalientes,21.8853,-102.2916,hourly
2025-11-14 02:00:00+00:00,20.335999,18.301514,0.0,13.451914,0.0,Aguascalientes,21.8853,-102.2916,hourly
2025-11-14 03:00:00+00:00,18.585999,21.91223,0.0,12.221457,0.0,Aguascalientes,21.8853,-102.2916,hourly
2025-11-14 04:00:00+00:00,16.986,27.190546,0.0,8.3520775,0.0,Aguascalientes,21.8853,-102.2916,hourly
2025-11-14 05:00:00+00:00,15.986,28.656946,0.0,6.1437774,0.0,Aguascalientes,21.8853,-102.2916,hourly
2025-11-14 06:00:00+00:00,15.036,29.24054,0.0,8.461914,0.0,Aguascalientes,21.8853,-102.2916,hourly
2025-11-14 07:00:00+00:00,14.136001,31.452202,0.0,8.936778,0.0,Aguascalientes,21.8853,-102.2916,hourly
2025-11-14 08:00:00+00:00,13.286,33.115387,0.0,7.458606,0.0,Aguascalientes,21.8853,-102.2916,hourly
2025-11-14 09:00:00+00:00,12.236,36.67224,0.0,4.6452556,0.0,Aguascalientes,21.8853,-102.2916,hourly
2025-11-14 10:00:00+00:00,11.536,39.262936,0.0,4.471107,0.0,Aguascalientes,21.8853,-102.2916,hourly
2025-11-14 11:00:00+00:00,10.736,42.481228,0.0,5.6060677,0.0,Aguascalientes,21.8853,-102.2916,hourly
2025-11-14 12:00:00+00:00,9.486,45.845116,0.0,8.714677,0.0,Aguascalientes,21.8853,-102.2916,hourly
2025-11-14 13:00:00+00:00,8.736,49.839523,0.0,8.322932,0.0,Aguascalientes,21.8853,-102.2916,hourly
2025-11-14 14:00:00+00:00,10.036,47.368027,0.0,8.775807,72.0,Aguascalientes,21.8853,-102.2916,hourly
2025-11-14 15:00:00+00:00,13.686,36.164803,0.0,7.4128532,289.0,Aguascalientes,21.8853,-102.2916,hourly
2025-11-14 16:00:00+00:00,17.486,26.150637,0.0,7.729527,506.0,Aguascalientes,21.8853,-102.2916,hourly
2025-11-14 17:00:00+00:00,20.886,19.284359,0.0,5.692099,680.0,Aguascalientes,21.8853,-102.2916,hourly
2025-11-14 18:00:00+00:00,23.435999,16.024069,0.0,5.22,793.0,Aguascalientes,21.8853,-102.2916,hourly
2025-11-14 19:00:00+00:00,25.435999,14.3760395,0.0,5.983477,834.0,Aguascalientes,21.8853,-102.2916,hourly
2025-11-14 20:00:00+00:00,26.585999,13.88888,0.0,6.090812,792.0,Aguascalientes,21.8853,-102.2916,hourly
2025-11-14 21:00:00+00:00,27.185999,13.915088,0.0,5.6492476,695.0,Aguascalientes,21.8853,-102.2916,hourly
2025-11-14 22:00:00+00:00,27.236,14.13372,0.0,4.913044,529.0,Aguascalientes,21.8853,-102.2916,hourly
2025-11-14 23:00:00+00:00,26.786,14.728516,0.0,4.514377,316.0,Aguascalientes,21.8853,-102.2916,hourly
2025-11-15 00:00:00+00:00,24.486,22.178099,0.0,1.2074767,92.0,Aguascalientes,21.8853,-102.2916,hourly
2025-11-15 01:00:00+00:00,22.036,25.531927,0.0,2.3469129,0.0,Aguascalientes,21.8853,-102.2916,hourly
2025-11-15 02:00:00+00:00,20.486,27.380949,0.0,2.4482646,0.0,Aguascalientes,21.8853,-102.2916,hourly
2025-11-15 03:00:00+00:00,18.636,29.95103,0.0,4.1085763,0.0,Aguascalientes,21.8853,-102.2916,hourly
2025-11-15 04:00:00+00:00,17.835999,32.529694,0.0,3.2048087,0.0,Aguascalientes,21.8853,-102.2916,hourly
2025-11-15 05:00:00+00:00,16.835999,32.709705,0.0,3.5455887,0.0,Aguascalientes,21.8853,-102.2916,hourly
2025-11-15 06:00:00+00:00,15.836,34.35915,0.0,8.759178,0.0,Aguascalientes,21.8853,-102.2916,hourly
2025-11-15 07:00:00+00:00,14.936,37.19966,0.0,6.379216,0.0,Aguascalientes,21.8853,-102.2916,hourly
2025-11-15 08:00:00+00:00,14.286,39.642174,0.0,6.391901,0.0,Aguascalientes,21.8853,-102.2916,hourly
2025-11-15 09:00:00+00:00,13.486,43.128513,0.0,5.983477,0.0,Aguascalientes,21.8853,-102.2916,hourly
2025-11-15 10:00:00+00:00,12.286,47.83533,0.0,5.3999996,0.0,Aguascalientes,21.8853,-102.2916,hourly
2025-11-15 11:00:00+00:00,11.186,52.178276,0.0,4.39436,0.0,Aguascalientes,21.8853,-102.2916,hourly
2025-11-15 12:00:00+00:00,10.286,52.685417,0.0,7.6388745,0.0,Aguascalientes,21.8853,-102.2916,hourly
2025-11-15 13:00:00+00:00,9.486,56.187065,0.0,5.991594,0.0,Aguascalientes,21.8853,-102.2916,hourly
2025-11-15 14:00:00+00:00,10.736,52.242687,0.0,6.489992,70.0,Aguascalientes,21.8853,-102.2916,hourly
2025-11-15 15:00:00+00:00,14.536,40.726524,0.0,3.096837,288.0,Aguascalientes,21.8853,-102.2916,hourly
2025-11-15 16:00:00+00:00,18.786,29.035679,0.0,1.1384199,505.0,Aguascalientes,21.8853,-102.2916,hourly
2025-11-15 17:00:00+00:00,21.835999,22.3662,0.0,3.7842832,680.0,Aguascalientes,21.8853,-102.2916,hourly
2025-11-15 18:00:00+00:00,24.036,19.576624,0.0,5.6920996,793.0,Aguascalientes,21.8853,-102.2916,hourly
2025-11-15 19:00:00+00:00,26.036,16.753437,0.0,4.1125174,835.0,Aguascalientes,21.8853,-102.2916,hourly
2025-11-15 20:00:00+00:00,27.236,14.883028,0.0,0.35999998,802.0,Aguascalientes,21.8853,-102.2916,hourly
2025-11-15 21:00:00+00:00,27.685999,14.126972,0.0,1.6299692,698.0,Aguascalientes,21.8853,-102.2916,hourly
2025-11-15 22:00:00+00:00,27.585999,14.315019,0.0,1.8,530.0,Aguascalientes,21.8853,-102.2916,hourly
2025-11-15 23:00:00+00:00,26.935999,15.0363655,0.0,3.1072817,317.0,Aguascalientes,21.8853,-102.2916,hourly
2025-11-16 00:00:00+00:00,25.386,17.411888,0.0,9.346143,93.0,Aguascalientes,21.8853,-102.2916,hourly
2025-11-16 01:00:00+00:00,23.636,19.980333,0.0,8.209263,0.0,Aguascalientes,21.8853,-102.2916,hourly
2025-11-16 02:00:00+00:00,21.685999,23.578573,0.0,4.6102495,0.0,Aguascalientes,21.8853,-102.2916,hourly
2025-11-16 03:00:00+00:00,20.136,26.314827,0.0,5.9427266,0.0,Aguascalientes,21.8853,-102.2916,hourly
2025-11-16 04:00:00+00:00,18.786,29.45817,0.0,7.9465466,0.0,Aguascalientes,21.8853,-102.2916,hourly
2025-11-16 05:00:00+00:00,17.986,31.309826,0.0,6.989936,0.0,Aguascalientes,21.8853,-102.2916,hourly
2025-11-16 06:00:00+00:00,15.886001,38.70475,0.0,3.06,0.0,Aguascalientes,21.8853,-102.2916,hourly
2025-11-16 07:00:00+00:00,14.586,46.473587,0.0,0.25455844,0.0,Aguascalientes,21.8853,-102.2916,hourly
2025-11-16 08:00:00+00:00,14.186,46.855377,0.0,6.037383,0.0,Aguascalientes,21.8853,-102.2916,hourly
2025-11-16 09:00:00+00:00,13.286,50.920773,0.0,6.198903,0.0,Aguascalientes,21.8853,-102.2916,hourly
2025-11-16 10:00:00+00:00,12.786,52.98382,0.0,4.2021422,0.0,Aguascalientes,21.8853,-102.2916,hourly
2025-11-16 11:00:00+00:00,12.336,56.52459,0.0,4.724786,0.0,Aguascalientes,21.8853,-102.2916,hourly
2025-11-16 12:00:00+00:00,11.436,61.040493,0.0,4.846648,0.0,Aguascalientes,21.8853,-102.2916,hourly
2025-11-16 13:00:00+00:00,10.736,63.94149,0.0,4.3573384,0.0,Aguascalientes,21.8853,-102.2916,hourly
2025-11-16 14:00:00+00:00,11.886001,58.633404,0.0,5.6060677,68.0,Aguascalientes,21.8853,-102.2916,hourly
2025-11-16 15:00:00+00:00,15.336,46.849358,0.0,3.9477081,282.0,Aguascalientes,21.8853,-102.2916,hourly
2025-11-16 16:00:00+00:00,19.335999,36.25867,0.0,2.5582807,498.0,Aguascalientes,21.8853,-102.2916,hourly
2025-11-16 17:00:00+00:00,22.536,30.098751,0.0,2.226477,672.0,Aguascalientes,21.8853,-102.2916,hourly
2025-11-16 18:00:00+00:00,25.036,22.885288,0.0,5.8603754,786.0,Aguascalientes,21.8853,-102.2916,hourly
2025-11-16 19:00:00+00:00,27.036,17.299437,0.0,7.0223074,830.0,Aguascalientes,21.8853,-102.2916,hourly
2025-11-16 20:00:00+00:00,27.786,15.338427,0.0,5.0528407,799.0,Aguascalientes,21.8853,-102.2916,hourly
2025-11-16 21:00:00+00:00,27.886,14.539972,0.0,3.143565,693.0,Aguascalientes,21.8853,-102.2916,hourly
2025-11-16 22:00:00+00:00,27.786,13.889973,0.0,1.2074767,515.0,Aguascalientes,21.8853,-102.2916,hourly
2025-11-16 23:00:00+00:00,27.085999,14.31151,0.0,2.5772078,292.0,Aguascalientes,21.8853,-102.2916,hourly
2025-11-17 00:00:00+00:00,25.536,16.153313,0.0,12.168319,88.0,Aguascalientes,21.8853,-102.2916,hourly
2025-11-17 01:00:00+00:00,23.736,18.322927,0.0,8.688613,0.0,Aguascalientes,21.8853,-102.2916,hourly
2025-11-17 02:00:00+00:00,21.486,23.610384,0.0,4.186693,0.0,Aguascalientes,21.8853,-102.2916,hourly
2025-11-17 03:00:00+00:00,19.736,26.394602,0.0,3.143565,0.0,Aguascalientes,21.8853,-102.2916,hourly
2025-11-17 04:00:00+00:00,18.786,29.246246,0.0,4.5322843,0.0,Aguascalientes,21.8853,-102.2916,hourly
2025-11-17 05:00:00+00:00,18.386,30.533451,0.0,6.725354,0.0,Aguascalientes,21.8853,-102.2916,hourly
2025-11-17 06:00:00+00:00,16.935999,38.46142,0.0,1.1384199,0.0,Aguascalientes,21.8853,-102.2916,hourly
2025-11-17 07:00:00+00:00,15.586,37.79534,0.0,3.7799997,0.0,Aguascalientes,21.8853,-102.2916,hourly
2025-11-17 08:00:00+00:00,14.286,44.454773,0.0,0.56920993,0.0,Aguascalientes,21.8853,-102.2916,hourly
2025-11-17 09:00:00+00:00,13.586,52.090008,0.0,0.6489992,0.0,Aguascalientes,21.8853,-102.2916,hourly
2025-11-17 10:00:00+00:00,13.236,49.83898,0.0,1.9134263,0.0,Aguascalientes,21.8853,-102.2916,hourly
2025-11-17 11:00:00+00:00,13.286,51.46231,0.0,1.2074767,0.0,Aguascalientes,21.8853,-102.2916,hourly
2025-11-17 12:00:00+00:00,12.486,57.56267,0.0,0.56920993,0.0,Aguascalientes,21.8853,-102.2916,hourly
2025-11-17 13:00:00+00:00,11.736,60.89919,0.0,0.5091169,0.0,Aguascalientes,21.8853,-102.2916,hourly
2025-11-17 14:00:00+00:00,12.886001,55.29387,0.0,1.2979984,66.0,Aguascalientes,21.8853,-102.2916,hourly
2025-11-17 15:00:00+00:00,16.435999,43.82314,0.0,1.4058449,279.0,Aguascalientes,21.8853,-102.2916,hourly
2025-11-17 16:00:00+00:00,19.486,36.81423,0.0,3.7842832,495.0,Aguascalientes,21.8853,-102.2916,hourly
2025-11-17 17:00:00+00:00,22.236,31.085316,0.0,4.942631,669.0,Aguascalientes,21.8853,-102.2916,hourly
2025-11-17 18:00:00+00:00,24.085999,25.909792,0.0,7.256032,783.0,Aguascalientes,21.8853,-102.2916,hourly
2025-11-17 19:00:00+00:00,25.786,20.67315,0.0,10.094454,825.0,Aguascalientes,21.8853,-102.2916,hourly
2025-11-17 20:00:00+00:00,26.486,18.39294,0.0,13.032298,795.0,Aguascalientes,21.8853,-102.2916,hourly
2025-11-17 21:00:00+00:00,26.486,18.999205,0.0,12.886039,693.0,Aguascalientes,21.8853,-102.2916,hourly
2025-11-17 22:00:00+00:00,26.786,17.177681,0.0,10.8792095,520.0,Aguascalientes,21.8853,-102.2916,hourly
2025-11-17 23:00:00+00:00,26.136,16.472696,0.0,12.32047,237.0,Aguascalientes,21.8853,-102.2916,hourly
2025-11-18 00:00:00+00:00,24.486,20.863447,0.0,15.316933,71.0,Aguascalientes,21.8853,-102.2916,hourly
2025-11-18 01:00:00+00:00,22.435999,24.739683,0.0,10.449306,0.0,Aguascalientes,21.8853,-102.2916,hourly
2025-11-18 02:00:00+00:00,21.236,26.715988,0.0,12.229406,0.0,Aguascalientes,21.8853,-102.2916,hourly
2025-11-18 03:00:00+00:00,20.236,26.9199,0.0,13.040997,0.0,Aguascalientes,21.8853,-102.2916,hourly
2025-11-18 04:00:00+00:00,18.935999,28.351734,0.0,8.36758,0.0,Aguascalientes,21.8853,-102.2916,hourly
2025-11-18 05:00:00+00:00,16.786,34.265133,0.0,3.693291,0.0,Aguascalientes,21.8853,-102.2916,hourly
2025-11-18 06:00:00+00:00,15.636001,40.466675,0.0,0.71999997,0.0,Aguascalientes,21.8853,-102.2916,hourly
2025-11-18 07:00:00+00:00,14.236,44.598827,0.0,1.609969,0.0,Aguascalientes,21.8853,-102.2916,hourly
2025-11-18 08:00:00+00:00,13.586,51.54385,0.0,0.6489992,0.0,Aguascalientes,21.8853,-102.2916,hourly
2025-11-18 09:00:00+00:00,13.186,49.124054,0.0,0.35999998,0.0,Aguascalientes,21.8853,-102.2916,hourly
2025-11-18 10:00:00+00:00,12.436,48.22119,0.0,1.8,0.0,Aguascalientes,21.8853,-102.2916,hourly
2025-11-18 11:00:00+00:00,12.036,49.860817,0.0,3.9477081,0.0,Aguascalientes,21.8853,-102.2916,hourly
2025-11-18 12:00:00+00:00,11.036,55.99001,0.0,5.0142193,0.0,Aguascalientes,21.8853,-102.2916,hourly
2025-11-18 13:00:00+00:00,10.286,61.194073,0.0,6.603817,0.0,Aguascalientes,21.8853,-102.2916,hourly
2025-11-18 14:00:00+00:00,11.136001,60.32881,0.0,6.778141,64.0,Aguascalientes,21.8853,-102.2916,hourly
2025-11-18 15:00:00+00:00,15.286,44.426167,0.0,3.9312592,275.0,Aguascalientes,21.8853,-102.2916,hourly
2025-11-18 16:00:00+00:00,19.036,33.11128,0.0,1.0948973,491.0,Aguascalientes,21.8853,-102.2916,hourly
2025-11-18 17:00:00+00:00,21.886,26.515036,0.0,2.4482646,664.0,Aguascalientes,21.8853,-102.2916,hourly
2025-11-18 18:00:00+00:00,23.685999,24.462347,0.0,4.802999,777.0,Aguascalientes,21.8853,-102.2916,hourly
2025-11-18 19:00:00+00:00,25.335999,23.624208,0.0,7.689603,820.0,Aguascalientes,21.8853,-102.2916,hourly
2025-11-18 20:00:00+00:00,25.935999,21.159779,0.0,10.075177,790.0,Aguascalientes,21.8853,-102.2916,hourly
2025-11-18 21:00:00+00:00,26.136,19.25683,0.0,10.644379,688.0,Aguascalientes,21.8853,-102.2916,hourly
2025-11-18 22:00:00+00:00,25.986,18.944338,0.0,9.9571085,519.0,Aguascalientes,21.8853,-102.2916,hourly
2025-11-18 23:00:00+00:00,25.286,19.254347,0.0,11.183201,304.0,Aguascalientes,21.8853,-102.2916,hourly
2025-11-19 00:00:00+00:00,23.386,21.732775,0.0,11.903159,88.0,Aguascalientes,21.8853,-102.2916,hourly
2025-11-19 01:00:00+00:00,22.286,24.084734,0.0,8.649369,0.0,Aguascalientes,21.8853,-102.2916,hourly
2025-11-19 02:00:00+00:00,21.185999,27.282436,0.0,4.8899083,0.0,Aguascalientes,21.8853,-102.2916,hourly
2025-11-19 03:00:00+00:00,19.786,30.824707,0.0,4.7110505,0.0,Aguascalientes,21.8853,-102.2916,hourly
2025-11-19 04:00:00+00:00,18.835999,32.58577,0.0,4.613762,0.0,Aguascalientes,21.8853,-102.2916,hourly
2025-11-19 05:00:00+00:00,17.786,36.45066,0.0,3.438895,0.0,Aguascalientes,21.8853,-102.2916,hourly
2025-11-19 06:00:00+00:00,16.935999,40.699875,0.0,2.97953,0.0,Aguascalientes,21.8853,-102.2916,hourly
2025-11-19 07:00:00+00:00,16.036,45.11238,0.0,1.484318,0.0,Aguascalientes,21.8853,-102.2916,hourly
2025-11-19 08:00:00+00:00,15.386001,52.21019,0.0,0.40249225,0.0,Aguascalientes,21.8853,-102.2916,hourly
2025-11-19 09:00:00+00:00,14.436,51.593487,0.0,0.5091169,0.0,Aguascalientes,21.8853,-102.2916,hourly
2025-11-19 10:00:00+00:00,13.736,51.584557,0.0,1.4399999,0.0,Aguascalientes,21.8853,-102.2916,hourly
2025-11-19 11:00:00+00:00,13.486,51.516685,0.0,3.2599385,0.0,Aguascalientes,21.8853,-102.2916,hourly
2025-11-19 12:00:00+00:00,12.336,59.78023,0.0,1.3104197,0.0,Aguascalientes,21.8853,-102.2916,hourly
2025-11-19 13:00:00+00:00,11.986,60.746853,0.0,2.5772076,0.0,Aguascalientes,21.8853,-102.2916,hourly
2025-11-19 14:00:00+00:00,12.986,58.498257,0.0,5.4477882,60.0,Aguascalientes,21.8853,-102.2916,hourly
2025-11-19 15:00:00+00:00,17.036,45.71217,0.0,4.060985,266.0,Aguascalientes,21.8853,-102.2916,hourly
2025-11-19 16:00:00+00:00,20.386,40.559837,0.0,0.8049845,479.0,Aguascalientes,21.8853,-102.2916,hourly
2025-11-19 17:00:00+00:00,22.736,35.007362,0.0,3.148714,652.0,Aguascalientes,21.8853,-102.2916,hourly
2025-11-19 18:00:00+00:00,24.486,30.123127,0.0,6.1437774,765.0,Aguascalientes,21.8853,-102.2916,hourly
2025-11-19 19:00:00+00:00,25.435999,28.169945,0.0,7.0568266,807.0,Aguascalientes,21.8853,-102.2916,hourly
2025-11-19 20:00:00+00:00,26.136,26.931612,0.0,6.77575,773.0,Aguascalientes,21.8853,-102.2916,hourly
2025-11-19 21:00:00+00:00,26.886,23.951794,0.0,8.027678,670.0,Aguascalientes,21.8853,-102.2916,hourly
2025-11-19 22:00:00+00:00,26.886,22.17259,0.0,12.399113,493.0,Aguascalientes,21.8853,-102.2916,hourly
2025-11-19 23:00:00+00:00,25.636,24.726082,0.0,16.344357,274.0,Aguascalientes,21.8853,-102.2916,hourly
2025-11-20 00:00:00+00:00,24.136,28.598246,0.0,14.30632,82.0,Aguascalientes,21.8853,-102.2916,hourly
2025-11-20 01:00:00+00:00,22.786,33.48671,0.0,13.248049,0.0,Aguascalientes,21.8853,-102.2916,hourly
2025-11-20 02:00:00+00:00,21.335999,38.920525,0.0,9.801326,0.0,Aguascalientes,21.8853,-102.2916,hourly
2025-11-20 03:00:00+00:00,20.236,42.657627,0.0,8.187527,0.0,Aguascalientes,21.8853,-102.2916,hourly
2025-11-20 04:00:00+00:00,18.486,50.232235,0.0,1.9469976,0.0,Aguascalientes,21.8853,-102.2916,hourly
2025-11-20 05:00:00+00:00,17.585999,54.065826,0.0,3.671294,0.0,Aguascalientes,21.8853,-102.2916,hourly
2025-11-12 06:00:00+00:00,21.328999,30.28843,0.0,1.0495713,0.0,Baja California,32.6519,-115.4683,hourly
2025-11-12 07:00:00+00:00,20.229,32.40996,0.0,2.2553935,0.0,Baja California,32.6519,-115.4683,hourly
2025-11-12 08:00:00+00:00,20.229,32.295635,0.0,4.73506,0.0,Baja California,32.6519,-115.4683,hourly
2025-11-12 09:00:00+00:00,19.178999,35.581867,0.0,3.4247334,0.0,Baja California,32.6519,-115.4683,hourly
2025-11-12 10:00:00+00:00,18.779,37.128437,0.0,1.3708391,0.0,Baja California,32.6519,-115.4683,hourly
2025-11-12 11:00:00+00:00,18.479,37.041515,0.0,1.3708391,0.0,Baja California,32.6519,-115.4683,hourly
2025-11-12 12:00:00+00:00,19.029,37.46253,0.0,2.2768397,0.0,Baja California,32.6519,-115.4683,hourly
2025-11-12 13:00:00+00:00,18.428999,37.027035,0.0,1.609969,0.0,Baja California,32.6519,-115.4683,hourly
2025-11-12 14:00:00+00:00,18.229,37.099728,0.0,1.0948973,0.0,Baja California,32.6519,-115.4683,hourly
2025-11-12 15:00:00+00:00,18.479,36.265842,0.0,3.4152596,30.0,Baja California,32.6519,-115.4683,hourly
2025-11-12 16:00:00+00:00,20.629,30.846292,0.0,4.3349743,128.0,Baja California,32.6519,-115.4683,hourly
2025-11-12 17:00:00+00:00,22.879,26.884642,0.0,2.0364676,237.0,Baja California,32.6519,-115.4683,hourly
2025-11-12 18:00:00+00:00,25.279,23.112688,0.0,3.5455887,251.0,Baja California,32.6519,-115.4683,hourly
2025-11-12 19:00:00+00:00,27.578999,19.268665,0.0,4.942631,444.0,Baja California,32.6519,-115.4683,hourly
2025-11-12 20:00:00+00:00,30.029,16.073355,0.0,6.3639607,605.0,Baja California,32.6519,-115.4683,hourly
2025-11-12 21:00:00+00:00,31.328999,14.396078,0.0,6.2067385,575.0,Baja California,32.6519,-115.4683,hourly
2025-11-12 22:00:00+00:00,31.729,13.525655,0.0,5.6233797,410.0,Baja California,32.6519,-115.4683,hourly
2025-11-12 23:00:00+00:00,31.578999,13.494227,0.0,5.6492476,225.0,Baja California,32.6519,-115.4683,hourly
2025-11-13 00:00:00+00:00,30.629,16.152431,0.0,2.8174455,110.0,Baja California,32.6519,-115.4683,hourly
2025-11-13 01:00:00+00:00,28.529,16.849674,0.0,4.6730714,14.0,Baja California,32.6519,-115.4683,hourly
2025-11-13 02:00:00+00:00,27.029,20.04225,0.0,5.9427266,0.0,Baja California,32.6519,-115.4683,hourly
2025-11-13 03:00:00+00:00,26.178999,22.382101,0.0,5.5216303,0.0,Baja California,32.6519,-115.4683,hourly
2025-11-13 04:00:00+00:00,24.979,25.074312,0.0,9.016185,0.0,Baja California,32.6519,-115.4683,hourly
2025-11-13 05:00:00+00:00,23.729,28.785246,0.0,6.1569467,0.0,Baja California,32.6519,-115.4683,hourly
2025-11-13 06:00:00+00:00,22.029,32.925205,0.0,4.913044,0.0,Baja California,32.6519,-115.4683,hourly
2025-11-13 07:00:00+00:00,21.178999,37.4306,0.0,5.634891,0.0,Baja California,32.6519,-115.4683,hourly
2025-11-13 08:00:00+00:00,20.428999,39.88009,0.0,3.8183763,0.0,Baja California,32.6519,-115.4683,hourly
2025-11-13 09:00:00+00:00,19.779,39.693806,0.0,3.0811036,0.0,Baja California,32.6519,-115.4683,hourly
2025-11-13 10:00:00+00:00,19.328999,39.153973,0.0,3.7799997,0.0,Baja California,32.6519,-115.4683,hourly
2025-11-13 11:00:00+00:00,18.479,41.72071,0.0,3.06,0.0,Baja California,32.6519,-115.4683,hourly
2025-11-13 12:00:00+00:00,18.129,44.151505,0.0,1.98,0.0,Baja California,32.6519,-115.4683,hourly
2025-11-13 13:00:00+00:00,16.928999,47.459377,0.0,0.8049845,0.0,Baja California,32.6519,-115.4683,hourly
2025-11-13 14:00:00+00:00,16.729,47.40368,0.0,1.2727921,0.0,Baja California,32.6519,-115.4683,hourly
2025-11-13 15:00:00+00:00,17.629,45.40517,0.0,0.5091169,32.0,Baja California,32.6519,-115.4683,hourly
2025-11-13 16:00:00+00:00,20.428999,37.344532,0.0,3.494968,184.0,Baja California,32.6519,-115.4683,hourly
2025-11-13 17:00:00+00:00,23.879,32.544838,0.0,3.5864744,360.0,Baja California,32.6519,-115.4683,hourly
2025-11-13 18:00:00+00:00,26.729,27.46948,0.0,3.7971036,503.0,Baja California,32.6519,-115.4683,hourly
2025-11-13 19:00:00+00:00,28.979,22.636518,0.0,3.84796,595.0,Baja California,32.6519,-115.4683,hourly
2025-11-13 20:00:00+00:00,30.529,18.647614,0.0,4.846648,622.0,Baja California,32.6519,-115.4683,hourly
2025-11-13 21:00:00+00:00,31.428999,16.277039,0.0,4.8433046,583.0,Baja California,32.6519,-115.4683,hourly
2025-11-13 22:00:00+00:00,31.629,15.58714,0.0,4.942631,467.0,Baja California,32.6519,-115.4683,hourly
2025-11-13 23:00:00+00:00,31.428999,15.821432,0.0,6.1226463,338.0,Baja California,32.6519,-115.4683,hourly
2025-11-14 00:00:00+00:00,31.129,15.753922,0.0,6.77575,162.0,Baja California,32.6519,-115.4683,hourly
2025-11-14 01:00:00+00:00,29.428999,17.931894,0.0,6.8541956,20.0,Baja California,32.6519,-115.4683,hourly
2025-11-14 02:00:00+00:00,27.779,21.40532,0.0,8.181589,0.0,Baja California,32.6519,-115.4683,hourly
2025-11-14 03:00:00+00:00,26.078999,26.361563,0.0,9.919618,0.0,Baja California,32.6519,-115.4683,hourly
2025-11-14 04:00:00+00:00,25.229,30.019878,0.0,11.672275,0.0,Baja California,32.6519,-115.4683,hourly
2025-11-14 05:00:00+00:00,24.779,29.48357,0.0,13.379461,0.0,Baja California,32.6519,-115.4683,hourly
2025-11-14 06:00:00+00:00,24.529,27.435938,0.0,14.628807,0.0,Baja California,32.6519,-115.4683,hourly
2025-11-14 07:00:00+00:00,24.529,26.865992,0.0,12.144331,0.0,Baja California,32.6519,-115.4683,hourly
2025-11-14 08:00:00+00:00,23.529,28.931145,0.0,8.856658,0.0,Baja California,32.6519,-115.4683,hourly
2025-11-14 09:00:00+00:00,23.129,32.332123,0.0,12.86087,0.0,Baja California,32.6519,-115.4683,hourly
2025-11-14 10:00:00+00:00,22.578999,40.218967,0.0,13.666967,0.0,Baja California,32.6519,-115.4683,hourly
2025-11-14 11:00:00+00:00,22.578999,42.59537,0.0,8.149847,0.0,Baja California,32.6519,-115.4683,hourly
2025-11-14 12:00:00+00:00,20.828999,38.509,0.0,2.2553935,0.0,Baja California,32.6519,-115.4683,hourly
2025-11-14 13:00:00+00:00,20.178999,40.640396,0.0,1.4058449,0.0,Baja California,32.6519,-115.4683,hourly
2025-11-14 14:00:00+00:00,20.328999,40.683235,0.0,3.06,0.0,Baja California,32.6519,-115.4683,hourly
2025-11-14 15:00:00+00:00,19.979,43.468933,0.0,6.3639607,28.0,Baja California,32.6519,-115.4683,hourly
2025-11-14 16:00:00+00:00,22.379,36.75344,0.0,5.223103,146.0,Baja California,32.6519,-115.4683,hourly
2025-11-14 17:00:00+00:00,24.078999,32.8262,0.0,2.1068459,234.0,Baja California,32.6519,-115.4683,hourly
2025-11-14 18:00:00+00:00,24.328999,33.69442,0.0,4.3832865,322.0,Baja California,32.6519,-115.4683,hourly
2025-11-14 19:00:00+00:00,27.629,26.782946,0.0,1.5273507,432.0,Baja California,32.6519,-115.4683,hourly
2025-11-14 20:00:00+00:00,29.029,24.268023,0.0,4.991553,548.0,Baja California,32.6519,-115.4683,hourly
2025-11-14 21:00:00+00:00,29.229,24.237467,0.0,7.1321807,473.0,Baja California,32.6519,-115.4683,hourly
2025-11-14 22:00:00+00:00,28.779,26.187702,0.0,9.449572,400.0,Baja California,32.6519,-115.4683,hourly
2025-11-14 23:00:00+00:00,28.479,27.948013,0.0,7.8954163,282.0,Baja California,32.6519,-115.4683,hourly
2025-11-15 00:00:00+00:00,27.779,34.2087,0.0,6.444905,131.0,Baja California,32.6519,-115.4683,hourly
2025-11-15 01:00:00+00:00,25.779,41.804096,0.0,13.684735,9.0,Baja California,32.6519,-115.4683,hourly
2025-11-15 02:00:00+00:00,24.629,45.96094,0.0,9.743304,0.0,Baja California,32.6519,-115.4683,hourly
2025-11-15 03:00:00+00:00,24.078999,48.44556,0.0,8.415842,0.0,Baja California,32.6519,-115.4683,hourly
2025-11-15 04:00:00+00:00,23.779,50.470745,0.0,9.83268,0.0,Baja California,32.6519,-115.4683,hourly
2025-11-15 05:00:00+00:00,23.129,57.49317,0.0,9.761578,0.0,Baja California,32.6519,-115.4683,hourly
2025-11-15 06:00:00+00:00,22.979,56.167072,0.0,5.937272,0.0,Baja California,32.6519,-115.4683,hourly
2025-11-15 07:00:00+00:00,22.428999,60.96256,0.0,7.989242,0.0,Baja California,32.6519,-115.4683,hourly
2025-11-15 08:00:00+00:00,21.879,63.039387,0.0,6.302571,0.0,Baja California,32.6519,-115.4683,hourly
2025-11-15 09:00:00+00:00,21.178999,65.37489,0.0,5.7204895,0.0,Baja California,32.6519,-115.4683,hourly
2025-11-15 10:00:00+00:00,21.178999,64.95365,0.0,5.00128,0.0,Baja California,32.6519,-115.4683,hourly
2025-11-15 11:00:00+00:00,21.229,64.54562,0.0,4.1046314,0.0,Baja California,32.6519,-115.4683,hourly
2025-11-15 12:00:00+00:00,20.328999,68.8866,0.0,0.40249225,0.0,Baja California,32.6519,-115.4683,hourly
2025-11-15 13:00:00+00:00,20.129,67.74111,0.0,2.4149535,0.0,Baja California,32.6519,-115.4683,hourly
2025-11-15 14:00:00+00:00,20.178999,66.66113,0.0,3.143565,0.0,Baja California,32.6519,-115.4683,hourly
2025-11-15 15:00:00+00:00,20.229,65.17166,0.0,5.1197267,12.0,Baja California,32.6519,-115.4683,hourly
2025-11-15 16:00:00+00:00,20.828999,63.00926,0.0,2.3051248,34.0,Baja California,32.6519,-115.4683,hourly
2025-11-15 17:00:00+00:00,23.129,54.762405,0.0,3.5864744,287.0,Baja California,32.6519,-115.4683,hourly
2025-11-15 18:00:00+00:00,22.678999,55.91031,0.0,1.659518,395.0,Baja California,32.6519,-115.4683,hourly
2025-11-15 19:00:00+00:00,22.129,62.487698,1.5,4.7827187,213.0,Baja California,32.6519,-115.4683,hourly
2025-11-15 20:00:00+00:00,21.428999,68.222,1.0,8.415842,139.0,Baja California,32.6519,-115.4683,hourly
2025-11-15 21:00:00+00:00,21.229,67.96326,0.0,9.3340025,188.0,Baja California,32.6519,-115.4683,hourly
2025-11-15 22:00:00+00:00,23.479,55.386856,0.0,13.479583,383.0,Baja California,32.6519,-115.4683,hourly
2025-11-15 23:00:00+00:00,24.629,47.493664,0.0,12.882267,293.0,Baja California,32.6519,-115.4683,hourly
2025-11-16 00:00:00+00:00,19.828999,69.685356,0.0,13.529966,139.0,Baja California,32.6519,-115.4683,hourly
2025-11-16 01:00:00+00:00,19.129,73.02031,0.0,7.579261,18.0,Baja California,32.6519,-115.4683,hourly
2025-11-16 02:00:00+00:00,18.928999,73.936874,0.0,9.335737,0.0,Baja California,32.6519,-115.4683,hourly
2025-11-16 03:00:00+00:00,18.479,76.0467,0.0,10.075177,0.0,Baja California,32.6519,-115.4683,hourly
2025-11-16 04:00:00+00:00,17.879,77.19405,0.0,6.28713,0.0,Baja California,32.6519,-115.4683,hourly
2025-11-16 05:00:00+00:00,17.029,80.92199,0.0,0.40249225,0.0,Baja California,32.6519,-115.4683,hourly
2025-11-16 06:00:00+00:00,16.178999,88.22742,0.0,2.6208394,0.0,Baja California,32.6519,-115.4683,hourly
2025-11-16 07:00:00+00:00,15.929,89.64615,0.0,0.25455844,0.0,Baja California,32.6519,-115.4683,hourly
2025-11-16 08:00:00+00:00,15.329,92.25614,0.0,1.8089776,0.0,Baja California,32.6519,-115.4683,hourly
2025-11-16 09:00:00+00:00,15.379001,86.45101,0.0,3.6402748,0.0,Baja California,32.6519,-115.4683,hourly
2025-11-16 10:00:00+00:00,14.779,87.53185,0.0,3.01735,0.0,Baja California,32.6519,-115.4683,hourly
2025-11-16 11:00:00+00:00,14.179,91.289185,0.0,8.39657,0.0,Baja California,32.6519,-115.4683,hourly
2025-11-16 12:00:00+00:00,14.529,91.90961,0.0,4.5536795,0.0,Baja California,32.6519,-115.4683,hourly
2025-11-16 13:00:00+00:00,13.729,89.77209,0.6,1.8532133,0.0,Baja California,32.6519,-115.4683,hourly
2025-11-16 14:00:00+00:00,12.979,85.64141,0.8,10.662626,0.0,Baja California,32.6519,-115.4683,hourly
2025-11-16 15:00:00+00:00,13.079,88.54257,0.8,12.320471,25.0,Baja California,32.6519,-115.4683,hourly
2025-11-16 16:00:00+00:00,15.379001,77.826324,0.0,5.2323985,136.0,Baja California,32.6519,-115.4683,hourly
2025-11-16 17:00:00+00:00,18.229,64.73856,0.0,1.2074767,327.0,Baja California,32.6519,-115.4683,hourly
2025-11-16 18:00:00+00:00,19.928999,50.620144,0.0,5.7628117,417.0,Baja California,32.6519,-115.4683,hourly
2025-11-16 19:00:00+00:00,21.428999,42.849087,0.0,7.729527,543.0,Baja California,32.6519,-115.4683,hourly
2025-11-16 20:00:00+00:00,22.529,39.528465,0.0,5.3517847,526.0,Baja California,32.6519,-115.4683,hourly
2025-11-16 21:00:00+00:00,23.328999,38.30355,0.0,1.2979984,496.0,Baja California,32.6519,-115.4683,hourly
2025-11-16 22:00:00+00:00,23.928999,35.953995,0.0,5.068846,364.0,Baja California,32.6519,-115.4683,hourly
2025-11-16 23:00:00+00:00,23.779,35.789257,0.0,9.187056,295.0,Baja California,32.6519,-115.4683,hourly
2025-11-17 00:00:00+00:00,23.029,36.813156,0.0,6.9270773,138.0,Baja California,32.6519,-115.4683,hourly
2025-11-17 01:00:00+00:00,21.529,43.16869,0.0,6.193674,17.0,Baja California,32.6519,-115.4683,hourly
2025-11-17 02:00:00+00:00,20.379,47.120594,0.0,6.4096174,0.0,Baja California,32.6519,-115.4683,hourly
2025-11-17 03:00:00+00:00,19.529,49.000294,0.0,10.626099,0.0,Baja California,32.6519,-115.4683,hourly
2025-11-17 04:00:00+00:00,18.729,51.331226,0.0,11.843124,0.0,Baja California,32.6519,-115.4683,hourly
2025-11-17 05:00:00+00:00,17.879,54.87952,0.0,11.052058,0.0,Baja California,32.6519,-115.4683,hourly
2025-11-17 06:00:00+00:00,16.879,60.057484,0.0,7.42159,0.0,Baja California,32.6519,-115.4683,hourly
2025-11-17 07:00:00+00:00,16.279,62.181885,0.0,6.8612823,0.0,Baja California,32.6519,-115.4683,hourly
2025-11-17 08:00:00+00:00,15.579,64.588066,0.0,6.2613096,0.0,Baja California,32.6519,-115.4683,hourly
2025-11-17 09:00:00+00:00,14.779,68.22409,0.0,1.3104197,0.0,Baja California,32.6519,-115.4683,hourly
2025-11-17 10:00:00+00:00,14.229,70.690926,0.0,0.9,0.0,Baja California,32.6519,-115.4683,hourly
2025-11-17 11:00:00+00:00,13.679,73.01144,0.0,1.0948973,0.0,Baja California,32.6519,-115.4683,hourly
2025-11-17 12:00:00+00:00,13.379001,74.702286,0.0,0.9693296,0.0,Baja California,32.6519,-115.4683,hourly
2025-11-17 13:00:00+00:00,12.879001,77.4413,0.0,1.4058449,0.0,Baja California,32.6519,-115.4683,hourly
2025-11-17 14:00:00+00:00,12.579,78.977615,0.0,1.26,0.0,Baja California,32.6519,-115.4683,hourly
2025-11-17 15:00:00+00:00,13.079,76.4357,0.0,4.8466477,24.0,Baja California,32.6519,-115.4683,hourly
2025-11-17 16:00:00+00:00,15.429,65.21191,0.0,5.991594,150.0,Baja California,32.6519,-115.4683,hourly
2025-11-17 17:00:00+00:00,17.879,54.87952,0.0,5.1919937,319.0,Baja California,32.6519,-115.4683,hourly
2025-11-17 18:00:00+00:00,19.979,45.28603,0.0,6.384293,462.0,Baja California,32.6519,-115.4683,hourly
2025-11-17 19:00:00+00:00,21.428999,39.755756,0.0,6.7757506,512.0,Baja California,32.6519,-115.4683,hourly
2025-11-17 20:00:00+00:00,22.229,37.602222,0.0,6.8919086,496.0,Baja California,32.6519,-115.4683,hourly
2025-11-17 21:00:00+00:00,22.779,39.599495,0.0,8.037761,509.0,Baja California,32.6519,-115.4683,hourly
2025-11-17 22:00:00+00:00,22.678999,43.055393,0.0,9.600937,368.0,Baja California,32.6519,-115.4683,hourly
2025-11-17 23:00:00+00:00,22.578999,44.495346,0.0,9.511088,256.0,Baja California,32.6519,-115.4683,hourly
2025-11-18 00:00:00+00:00,21.979,46.771675,0.0,10.285232,110.0,Baja California,32.6519,-115.4683,hourly
2025-11-18 01:00:00+00:00,21.479,48.384155,0.0,5.9834766,12.0,Baja California,32.6519,-115.4683,hourly
2025-11-18 02:00:00+00:00,20.828999,50.86028,0.0,3.536439,0.0,Baja California,32.6519,-115.4683,hourly
2025-11-18 03:00:00+00:00,20.078999,55.073357,0.0,1.2727921,0.0,Baja California,32.6519,-115.4683,hourly
2025-11-18 04:00:00+00:00,19.529,60.285755,0.0,0.35999998,0.0,Baja California,32.6519,-115.4683,hourly
2025-11-18 05:00:00+00:00,18.779,60.10825,0.0,2.5772078,0.0,Baja California,32.6519,-115.4683,hourly
2025-11-18 06:00:00+00:00,18.178999,66.02348,0.0,2.0523157,0.0,Baja California,32.6519,-115.4683,hourly
2025-11-18 07:00:00+00:00,17.678999,69.493576,0.0,3.381893,0.0,Baja California,32.6519,-115.4683,hourly
2025-11-18 08:00:00+00:00,17.178999,72.91159,0.0,3.7971036,0.0,Baja California,32.6519,-115.4683,hourly
2025-11-18 09:00:00+00:00,16.629,76.99992,0.0,4.0449967,0.0,Baja California,32.6519,-115.4683,hourly
2025-11-18 10:00:00+00:00,16.279,78.99201,0.0,4.2366967,0.0,Baja California,32.6519,-115.4683,hourly
2025-11-18 11:00:00+00:00,16.078999,78.70428,0.0,4.9785542,0.0,Baja California,32.6519,-115.4683,hourly
2025-11-18 12:00:00+00:00,15.629001,76.84294,0.0,16.459913,0.0,Baja California,32.6519,-115.4683,hourly
2025-11-18 13:00:00+00:00,15.129001,73.02754,1.0,11.345713,0.0,Baja California,32.6519,-115.4683,hourly
2025-11-18 14:00:00+00:00,14.529,75.90539,2.5,1.5273507,0.0,Baja California,32.6519,-115.4683,hourly
2025-11-18 15:00:00+00:00,15.229,65.388695,0.0,5.1919937,15.0,Baja California,32.6519,-115.4683,hourly
2025-11-18 16:00:00+00:00,17.029,50.526917,0.0,7.4672885,154.0,Baja California,32.6519,-115.4683,hourly
2025-11-18 17:00:00+00:00,18.479,41.72071,0.0,12.358542,275.0,Baja California,32.6519,-115.4683,hourly
2025-11-18 18:00:00+00:00,19.529,43.341698,0.0,9.926147,439.0,Baja California,32.6519,-115.4683,hourly
2025-11-18 19:00:00+00:00,20.928999,27.801905,0.0,18.469963,521.0,Baja California,32.6519,-115.4683,hourly
2025-11-18 20:00:00+00:00,21.229,27.19693,0.0,22.199188,540.0,Baja California,32.6519,-115.4683,hourly
2025-11-18 21:00:00+00:00,21.328999,28.415646,0.0,22.629229,523.0,Baja California,32.6519,-115.4683,hourly
2025-11-18 22:00:00+00:00,21.029,28.534119,0.0,22.137074,420.0,Baja California,32.6519,-115.4683,hourly
2025-11-18 23:00:00+00:00,20.629,29.7704,0.0,21.434364,293.0,Baja California,32.6519,-115.4683,hourly
2025-11-19 00:00:00+00:00,19.129,36.198803,0.0,21.816416,138.0,Baja California,32.6519,-115.4683,hourly
2025-11-19 01:00:00+00:00,17.379,42.879166,0.0,21.402597,16.0,Baja California,32.6519,-115.4683,hourly
2025-11-19 02:00:00+00:00,16.428999,48.14885,0.0,20.268991,0.0,Baja California,32.6519,-115.4683,hourly
2025-11-19 03:00:00+00:00,15.729,51.227917,0.0,20.671806,0.0,Baja California,32.6519,-115.4683,hourly
2025-11-19 04:00:00+00:00,15.029,54.70386,0.0,19.530622,0.0,Baja California,32.6519,-115.4683,hourly
2025-11-19 05:00:00+00:00,13.929,59.75421,0.1,20.11656,0.0,Baja California,32.6519,-115.4683,hourly
2025-11-19 06:00:00+00:00,14.129001,69.95932,0.4,8.209263,0.0,Baja California,32.6519,-115.4683,hourly
2025-11-19 07:00:00+00:00,14.079,69.9495,0.0,7.5685663,0.0,Baja California,32.6519,-115.4683,hourly
2025-11-19 08:00:00+00:00,13.079,75.156975,0.0,7.040739,0.0,Baja California,32.6519,-115.4683,hourly
2025-11-19 09:00:00+00:00,12.579,77.39446,0.0,7.040739,0.0,Baja California,32.6519,-115.4683,hourly
2025-11-19 10:00:00+00:00,12.279,79.2006,0.0,5.7628117,0.0,Baja California,32.6519,-115.4683,hourly
2025-11-19 11:00:00+00:00,11.829,81.03234,0.0,5.2200003,0.0,Baja California,32.6519,-115.4683,hourly
2025-11-19 12:00:00+00:00,12.379001,66.343445,0.0,6.638072,0.0,Baja California,32.6519,-115.4683,hourly
2025-11-19 13:00:00+00:00,11.129001,72.54536,0.0,3.438895,0.0,Baja California,32.6519,-115.4683,hourly
2025-11-19 14:00:00+00:00,10.379001,75.99337,0.0,3.9518096,0.0,Baja California,32.6519,-115.4683,hourly
2025-11-19 15:00:00+00:00,10.829,73.496605,0.0,5.020677,23.0,Baja California,32.6519,-115.4683,hourly
2025-11-19 16:00:00+00:00,13.479,60.266445,0.0,6.8541956,164.0,Baja California,32.6519,-115.4683,hourly
2025-11-19 17:00:00+00:00,16.629,46.559975,0.0,5.12289,333.0,Baja California,32.6519,-115.4683,hourly
2025-11-19 18:00:00+00:00,18.379,40.546333,0.0,6.206738,475.0,Baja California,32.6519,-115.4683,hourly
2025-11-19 19:00:00+00:00,19.428999,36.285553,0.0,4.991553,547.0,Baja California,32.6519,-115.4683,hourly
2025-11-19 20:00:00+00:00,20.229,33.337513,0.0,3.5864744,607.0,Baja California,32.6519,-115.4683,hourly
2025-11-19 21:00:00+00:00,20.779,30.998535,0.0,4.73506,557.0,Baja California,32.6519,-115.4683,hourly
2025-11-19 22:00:00+00:00,21.029,29.254045,0.0,5.6492476,459.0,Baja California,32.6519,-115.4683,hourly
2025-11-19 23:00:00+00:00,20.678999,29.051315,0.0,7.9567327,311.0,Baja California,32.6519,-115.4683,hourly
2025-11-20 00:00:00+00:00,19.979,30.119034,0.0,8.604301,148.0,Baja California,32.6519,-115.4683,hourly
2025-11-20 01:00:00+00:00,18.328999,33.98088,0.0,8.913181,17.0,Baja California,32.6519,-115.4683,hourly
2025-11-20 02:00:00+00:00,17.178999,37.721283,0.0,7.9383874,0.0,Baja California,32.6519,-115.4683,hourly
2025-11-20 03:00:00+00:00,15.979001,42.77823,0.0,8.297589,0.0,Baja California,32.6519,-115.4683,hourly
2025-11-20 04:00:00+00:00,15.029,47.09291,0.0,7.562142,0.0,Baja California,32.6519,-115.4683,hourly
2025-11-20 05:00:00+00:00,14.329,50.316257,0.0,6.698806,0.0,Baja California,32.6519,-115.4683,hourly
2025-11-12 06:00:00+00:00,25.5905,40.93152,0.0,12.241323,0.0,Baja California Sur,24.1444,-110.3128,hourly
2025-11-12 07:00:00+00:00,25.1405,39.999332,0.0,11.440978,0.0,Baja California Sur,24.1444,-110.3128,hourly
2025-11-12 08:00:00+00:00,24.790499,40.302273,0.0,11.792404,0.0,Baja California Sur,24.1444,-110.3128,hourly
2025-11-12 09:00:00+00:00,24.5905,39.578804,0.0,14.345898,0.0,Baja California Sur,24.1444,-110.3128,hourly
2025-11-12 10:00:00+00:00,24.440498,37.97475,0.0,12.669238,0.0,Baja California Sur,24.1444,-110.3128,hourly
2025-11-12 11:00:00+00:00,24.2405,36.0425,0.0,10.1456785,0.0,Baja California Sur,24.1444,-110.3128,hourly
2025-11-12 12:00:00+00:00,23.8905,34.976635,0.0,4.724786,0.0,Baja California Sur,24.1444,-110.3128,hourly
2025-11-12 13:00:00+00:00,23.540499,33.70148,0.0,3.9640884,0.0,Baja California Sur,24.1444,-110.3128,hourly
2025-11-12 14:00:00+00:00,23.8905,32.102802,0.0,2.8116899,8.0,Baja California Sur,24.1444,-110.3128,hourly
2025-11-12 15:00:00+00:00,26.9905,25.884342,0.0,4.2175345,145.0,Baja California Sur,24.1444,-110.3128,hourly
2025-11-12 16:00:00+00:00,29.3405,22.808805,0.0,0.9178235,355.0,Baja California Sur,24.1444,-110.3128,hourly
2025-11-12 17:00:00+00:00,31.190498,22.125458,0.0,5.2323985,542.0,Baja California Sur,24.1444,-110.3128,hourly
2025-11-12 18:00:00+00:00,32.6905,18.582985,0.0,9.114471,680.0,Baja California Sur,24.1444,-110.3128,hourly
2025-11-12 19:00:00+00:00,33.5905,17.124352,0.0,11.799271,758.0,Baja California Sur,24.1444,-110.3128,hourly
2025-11-12 20:00:00+00:00,33.8905,16.664839,0.0,11.414043,765.0,Baja California Sur,24.1444,-110.3128,hourly
2025-11-12 21:00:00+00:00,34.0905,17.661816,0.0,10.036512,701.0,Baja California Sur,24.1444,-110.3128,hourly
2025-11-12 22:00:00+00:00,34.1405,19.855974,0.0,8.709098,571.0,Baja California Sur,24.1444,-110.3128,hourly
2025-11-12 23:00:00+00:00,33.740498,21.581734,0.0,7.029225,389.0,Baja California Sur,24.1444,-110.3128,hourly
2025-11-13 00:00:00+00:00,32.5905,26.235643,0.0,9.659814,180.0,Baja California Sur,24.1444,-110.3128,hourly
2025-11-13 01:00:00+00:00,29.940498,42.271492,0.0,12.124307,18.0,Baja California Sur,24.1444,-110.3128,hourly
2025-11-13 02:00:00+00:00,28.6405,52.556046,0.0,5.896202,0.0,Baja California Sur,24.1444,-110.3128,hourly
2025-11-13 03:00:00+00:00,27.4905,62.301384,0.0,1.6981165,0.0,Baja California Sur,24.1444,-110.3128,hourly
2025-11-13 04:00:00+00:00,26.4905,70.06992,0.0,2.9301877,0.0,Baja California Sur,24.1444,-110.3128,hourly
2025-11-13 05:00:00+00:00,26.040499,74.433044,0.0,4.6730714,0.0,Baja California Sur,24.1444,-110.3128,hourly
2025-11-13 06:00:00+00:00,25.3405,72.27866,0.0,7.029225,0.0,Baja California Sur,24.1444,-110.3128,hourly
2025-11-13 07:00:00+00:00,24.790499,67.81399,0.0,9.531505,0.0,Baja California Sur,24.1444,-110.3128,hourly
2025-11-13 08:00:00+00:00,24.3405,61.98889,0.0,10.814989,0.0,Baja California Sur,24.1444,-110.3128,hourly
2025-11-13 09:00:00+00:00,24.040499,55.527023,0.0,11.203464,0.0,Baja California Sur,24.1444,-110.3128,hourly
2025-11-13 10:00:00+00:00,23.8905,48.554024,0.0,9.266067,0.0,Baja California Sur,24.1444,-110.3128,hourly
2025-11-13 11:00:00+00:00,23.7405,43.20785,0.0,7.42159,0.0,Baja California Sur,24.1444,-110.3128,hourly
2025-11-13 12:00:00+00:00,23.2405,42.211384,0.0,3.7971041,0.0,Baja California Sur,24.1444,-110.3128,hourly
2025-11-13 13:00:00+00:00,22.9905,39.525505,0.0,4.514377,0.0,Baja California Sur,24.1444,-110.3128,hourly
2025-11-13 14:00:00+00:00,23.3405,36.402435,0.0,3.06,7.0,Baja California Sur,24.1444,-110.3128,hourly
2025-11-13 15:00:00+00:00,26.8405,27.405602,0.0,3.9477081,149.0,Baja California Sur,24.1444,-110.3128,hourly
2025-11-13 16:00:00+00:00,29.2405,21.930752,0.0,2.1674871,365.0,Baja California Sur,24.1444,-110.3128,hourly
2025-11-13 17:00:00+00:00,30.540499,24.168678,0.0,7.145796,556.0,Baja California Sur,24.1444,-110.3128,hourly
2025-11-13 18:00:00+00:00,31.790499,21.752604,0.0,11.988594,695.0,Baja California Sur,24.1444,-110.3128,hourly
2025-11-13 19:00:00+00:00,32.8905,17.022152,0.0,12.601285,774.0,Baja California Sur,24.1444,-110.3128,hourly
2025-11-13 20:00:00+00:00,33.3405,15.3649235,0.0,12.346741,781.0,Baja California Sur,24.1444,-110.3128,hourly
2025-11-13 21:00:00+00:00,33.6405,14.177317,0.0,12.992459,714.0,Baja California Sur,24.1444,-110.3128,hourly
2025-11-13 22:00:00+00:00,33.8405,14.628006,0.0,12.483748,582.0,Baja California Sur,24.1444,-110.3128,hourly
2025-11-13 23:00:00+00:00,33.4405,15.604997,0.0,13.239487,397.0,Baja California Sur,24.1444,-110.3128,hourly
2025-11-14 00:00:00+00:00,32.5405,16.357311,0.0,12.193588,184.0,Baja California Sur,24.1444,-110.3128,hourly
2025-11-14 01:00:00+00:00,30.790499,19.308588,0.0,8.893166,18.0,Baja California Sur,24.1444,-110.3128,hourly
2025-11-14 02:00:00+00:00,29.5905,20.684906,0.0,8.467655,0.0,Baja California Sur,24.1444,-110.3128,hourly
2025-11-14 03:00:00+00:00,28.690498,20.102295,0.0,6.519877,0.0,Baja California Sur,24.1444,-110.3128,hourly
2025-11-14 04:00:00+00:00,27.690498,21.992344,0.0,1.7076298,0.0,Baja California Sur,24.1444,-110.3128,hourly
2025-11-14 05:00:00+00:00,27.290499,23.397099,0.0,1.3104197,0.0,Baja California Sur,24.1444,-110.3128,hourly
2025-11-14 06:00:00+00:00,25.6405,32.596767,0.0,4.6938252,0.0,Baja California Sur,24.1444,-110.3128,hourly
2025-11-14 07:00:00+00:00,25.4905,27.797245,0.0,6.8138976,0.0,Baja California Sur,24.1444,-110.3128,hourly
2025-11-14 08:00:00+00:00,24.790499,30.627825,0.0,8.297589,0.0,Baja California Sur,24.1444,-110.3128,hourly
2025-11-14 09:00:00+00:00,24.3405,31.789988,0.0,8.39657,0.0,Baja California Sur,24.1444,-110.3128,hourly
2025-11-14 10:00:00+00:00,24.040499,28.671524,0.0,7.729527,0.0,Baja California Sur,24.1444,-110.3128,hourly
2025-11-14 11:00:00+00:00,23.5905,29.664385,0.0,8.694204,0.0,Baja California Sur,24.1444,-110.3128,hourly
2025-11-14 12:00:00+00:00,22.8905,34.691833,0.0,6.12,0.0,Baja California Sur,24.1444,-110.3128,hourly
2025-11-14 13:00:00+00:00,22.2405,36.212757,0.0,6.66,0.0,Baja California Sur,24.1444,-110.3128,hourly
2025-11-14 14:00:00+00:00,22.790499,34.306946,0.0,8.880405,7.0,Baja California Sur,24.1444,-110.3128,hourly
2025-11-14 15:00:00+00:00,25.440498,28.26887,0.0,13.026081,145.0,Baja California Sur,24.1444,-110.3128,hourly
2025-11-14 16:00:00+00:00,27.940498,24.31525,0.0,9.904906,359.0,Baja California Sur,24.1444,-110.3128,hourly
2025-11-14 17:00:00+00:00,29.290499,24.337046,0.0,8.338489,549.0,Baja California Sur,24.1444,-110.3128,hourly
2025-11-14 18:00:00+00:00,30.940498,19.68484,0.0,9.9,690.0,Baja California Sur,24.1444,-110.3128,hourly
2025-11-14 19:00:00+00:00,31.540499,18.957634,0.0,11.431062,770.0,Baja California Sur,24.1444,-110.3128,hourly
2025-11-14 20:00:00+00:00,31.690498,20.637415,0.0,13.036026,776.0,Baja California Sur,24.1444,-110.3128,hourly
2025-11-14 21:00:00+00:00,31.790499,20.23992,0.0,13.647988,711.0,Baja California Sur,24.1444,-110.3128,hourly
2025-11-14 22:00:00+00:00,31.690498,22.329058,0.0,13.044722,580.0,Baja California Sur,24.1444,-110.3128,hourly
2025-11-14 23:00:00+00:00,31.290499,24.119106,0.0,11.672275,393.0,Baja California Sur,24.1444,-110.3128,hourly
2025-11-15 00:00:00+00:00,30.7405,29.237669,0.0,10.829959,181.0,Baja California Sur,24.1444,-110.3128,hourly
2025-11-15 01:00:00+00:00,29.8905,32.907677,0.0,6.792466,6.0,Baja California Sur,24.1444,-110.3128,hourly
2025-11-15 02:00:00+00:00,28.6405,32.668724,0.0,4.0449963,0.0,Baja California Sur,24.1444,-110.3128,hourly
2025-11-15 03:00:00+00:00,26.9905,36.212875,0.0,1.2727921,0.0,Baja California Sur,24.1444,-110.3128,hourly
2025-11-15 04:00:00+00:00,26.1405,35.733345,0.0,0.40249225,0.0,Baja California Sur,24.1444,-110.3128,hourly
2025-11-15 05:00:00+00:00,25.8405,36.373463,0.0,0.6489992,0.0,Baja California Sur,24.1444,-110.3128,hourly
2025-11-15 06:00:00+00:00,24.5905,42.027275,0.0,1.3708391,0.0,Baja California Sur,24.1444,-110.3128,hourly
2025-11-15 07:00:00+00:00,24.040499,53.413155,0.0,1.8089776,0.0,Baja California Sur,24.1444,-110.3128,hourly
2025-11-15 08:00:00+00:00,22.9905,59.730778,0.0,3.4763772,0.0,Baja California Sur,24.1444,-110.3128,hourly
2025-11-15 09:00:00+00:00,23.1405,53.53055,0.0,5.3939967,0.0,Baja California Sur,24.1444,-110.3128,hourly
2025-11-15 10:00:00+00:00,23.0905,44.78648,0.0,5.8048253,0.0,Baja California Sur,24.1444,-110.3128,hourly
2025-11-15 11:00:00+00:00,22.9905,39.3919,0.0,5.796447,0.0,Baja California Sur,24.1444,-110.3128,hourly
2025-11-15 12:00:00+00:00,22.0905,42.89023,0.0,3.550155,0.0,Baja California Sur,24.1444,-110.3128,hourly
2025-11-15 13:00:00+00:00,21.3905,43.570232,0.0,1.9469976,0.0,Baja California Sur,24.1444,-110.3128,hourly
2025-11-15 14:00:00+00:00,21.690498,41.350994,0.0,3.7064266,6.0,Baja California Sur,24.1444,-110.3128,hourly
2025-11-15 15:00:00+00:00,25.040499,33.8959,0.0,6.1569467,141.0,Baja California Sur,24.1444,-110.3128,hourly
2025-11-15 16:00:00+00:00,28.2405,30.651718,0.0,4.952453,352.0,Baja California Sur,24.1444,-110.3128,hourly
2025-11-15 17:00:00+00:00,30.0905,29.549215,0.0,8.049845,540.0,Baja California Sur,24.1444,-110.3128,hourly
2025-11-15 18:00:00+00:00,30.9905,31.827303,0.0,13.443481,680.0,Baja California Sur,24.1444,-110.3128,hourly
2025-11-15 19:00:00+00:00,31.4905,33.026276,0.0,16.019999,755.0,Baja California Sur,24.1444,-110.3128,hourly
2025-11-15 20:00:00+00:00,31.7405,33.203087,0.0,15.315873,761.0,Baja California Sur,24.1444,-110.3128,hourly
2025-11-15 21:00:00+00:00,32.1905,28.390371,0.0,13.779114,696.0,Baja California Sur,24.1444,-110.3128,hourly
2025-11-15 22:00:00+00:00,32.4905,24.514849,0.0,11.9317045,567.0,Baja California Sur,24.1444,-110.3128,hourly
2025-11-15 23:00:00+00:00,32.6905,22.660994,0.0,10.337079,386.0,Baja California Sur,24.1444,-110.3128,hourly
2025-11-16 00:00:00+00:00,32.4405,26.02186,0.0,10.158444,177.0,Baja California Sur,24.1444,-110.3128,hourly
2025-11-16 01:00:00+00:00,29.540499,42.842896,0.0,9.194106,17.0,Baja California Sur,24.1444,-110.3128,hourly
2025-11-16 02:00:00+00:00,28.1405,49.839844,0.0,5.509882,0.0,Baja California Sur,24.1444,-110.3128,hourly
2025-11-16 03:00:00+00:00,27.190498,50.550285,0.0,2.6999998,0.0,Baja California Sur,24.1444,-110.3128,hourly
2025-11-16 04:00:00+00:00,26.3905,55.049747,0.0,3.964089,0.0,Baja California Sur,24.1444,-110.3128,hourly
2025-11-16 05:00:00+00:00,25.940498,58.53935,0.0,1.0495713,0.0,Baja California Sur,24.1444,-110.3128,hourly
2025-11-16 06:00:00+00:00,25.440498,58.23542,0.0,0.17999999,0.0,Baja California Sur,24.1444,-110.3128,hourly
2025-11-16 07:00:00+00:00,24.790499,63.479668,0.0,2.36753,0.0,Baja California Sur,24.1444,-110.3128,hourly
2025-11-16 08:00:00+00:00,24.290499,68.35569,0.0,4.278551,0.0,Baja California Sur,24.1444,-110.3128,hourly
2025-11-16 09:00:00+00:00,24.190498,64.36014,0.0,4.514377,0.0,Baja California Sur,24.1444,-110.3128,hourly
2025-11-16 10:00:00+00:00,23.8405,59.166714,0.0,4.1085763,0.0,Baja California Sur,24.1444,-110.3128,hourly
2025-11-16 11:00:00+00:00,23.7405,54.91643,0.0,3.6,0.0,Baja California Sur,24.1444,-110.3128,hourly
2025-11-16 12:00:00+00:00,23.8405,51.653835,0.0,0.9178235,0.0,Baja California Sur,24.1444,-110.3128,hourly
2025-11-16 13:00:00+00:00,23.2405,49.99864,0.0,1.3708391,0.0,Baja California Sur,24.1444,-110.3128,hourly
2025-11-16 14:00:00+00:00,23.1405,47.875107,0.0,2.7416782,5.0,Baja California Sur,24.1444,-110.3128,hourly
2025-11-16 15:00:00+00:00,26.3405,38.895634,0.0,4.060985,118.0,Baja California Sur,24.1444,-110.3128,hourly
2025-11-16 16:00:00+00:00,28.7405,33.688187,0.0,3.6,298.0,Baja California Sur,24.1444,-110.3128,hourly
2025-11-16 17:00:00+00:00,30.540499,31.287512,0.0,6.6697226,499.0,Baja California Sur,24.1444,-110.3128,hourly
2025-11-16 18:00:00+00:00,31.4905,32.280216,0.0,10.404249,639.0,Baja California Sur,24.1444,-110.3128,hourly
2025-11-16 19:00:00+00:00,32.1405,31.62429,0.0,13.00243,694.0,Baja California Sur,24.1444,-110.3128,hourly
2025-11-16 20:00:00+00:00,32.1405,33.097984,0.0,13.971757,685.0,Baja California Sur,24.1444,-110.3128,hourly
2025-11-16 21:00:00+00:00,32.5905,31.03245,0.0,14.260953,650.0,Baja California Sur,24.1444,-110.3128,hourly
2025-11-16 22:00:00+00:00,32.4405,29.121403,0.0,15.182015,528.0,Baja California Sur,24.1444,-110.3128,hourly
2025-11-16 23:00:00+00:00,31.440498,33.012493,0.0,16.391863,355.0,Baja California Sur,24.1444,-110.3128,hourly
2025-11-17 00:00:00+00:00,29.8905,48.741188,0.0,15.22783,158.0,Baja California Sur,24.1444,-110.3128,hourly
2025-11-17 01:00:00+00:00,28.040499,67.00151,0.0,12.855831,16.0,Baja California Sur,24.1444,-110.3128,hourly
2025-11-17 02:00:00+00:00,27.0905,75.28948,0.0,7.6409945,0.0,Baja California Sur,24.1444,-110.3128,hourly
2025-11-17 03:00:00+00:00,26.2405,80.85483,0.0,5.257109,0.0,Baja California Sur,24.1444,-110.3128,hourly
2025-11-17 04:00:00+00:00,25.5905,83.51932,0.0,1.835647,0.0,Baja California Sur,24.1444,-110.3128,hourly
2025-11-17 05:00:00+00:00,25.4905,83.25471,0.0,0.5091169,0.0,Baja California Sur,24.1444,-110.3128,hourly
2025-11-17 06:00:00+00:00,24.540499,88.1059,0.0,3.9312592,0.0,Baja California Sur,24.1444,-110.3128,hourly
2025-11-17 07:00:00+00:00,23.690498,80.77251,0.0,5.297018,0.0,Baja California Sur,24.1444,-110.3128,hourly
2025-11-17 08:00:00+00:00,22.9905,74.38882,0.0,2.5071096,0.0,Baja California Sur,24.1444,-110.3128,hourly
2025-11-17 09:00:00+00:00,22.540499,72.92088,0.0,1.9469976,0.0,Baja California Sur,24.1444,-110.3128,hourly
2025-11-17 10:00:00+00:00,22.190498,72.170525,0.0,1.5379207,0.0,Baja California Sur,24.1444,-110.3128,hourly
2025-11-17 11:00:00+00:00,21.790499,71.18711,0.0,1.1384199,0.0,Baja California Sur,24.1444,-110.3128,hourly
2025-11-17 12:00:00+00:00,21.690498,59.617393,0.0,3.9518096,0.0,Baja California Sur,24.1444,-110.3128,hourly
2025-11-17 13:00:00+00:00,21.2405,55.55017,0.0,4.7521367,0.0,Baja California Sur,24.1444,-110.3128,hourly
2025-11-17 14:00:00+00:00,21.6405,50.737846,0.0,5.4744864,5.0,Baja California Sur,24.1444,-110.3128,hourly
2025-11-17 15:00:00+00:00,24.1405,42.605114,0.0,7.42159,133.0,Baja California Sur,24.1444,-110.3128,hourly
2025-11-17 16:00:00+00:00,25.9905,39.708668,0.0,4.6102495,341.0,Baja California Sur,24.1444,-110.3128,hourly
2025-11-17 17:00:00+00:00,27.5905,36.50198,0.0,5.5829024,527.0,Baja California Sur,24.1444,-110.3128,hourly
2025-11-17 18:00:00+00:00,28.940498,35.689632,0.0,9.914717,666.0,Baja California Sur,24.1444,-110.3128,hourly
2025-11-17 19:00:00+00:00,30.1405,32.331615,0.0,11.633348,742.0,Baja California Sur,24.1444,-110.3128,hourly
2025-11-17 20:00:00+00:00,30.5905,31.404768,0.0,11.837652,749.0,Baja California Sur,24.1444,-110.3128,hourly
2025-11-17 21:00:00+00:00,30.940498,30.479584,0.0,11.975074,685.0,Baja California Sur,24.1444,-110.3128,hourly
2025-11-17 22:00:00+00:00,31.0905,30.9259,0.0,11.734564,556.0,Baja California Sur,24.1444,-110.3128,hourly
2025-11-17 23:00:00+00:00,30.790499,32.61828,0.0,11.453715,358.0,Baja California Sur,24.1444,-110.3128,hourly
2025-11-18 00:00:00+00:00,30.1405,35.790085,0.0,11.252519,135.0,Baja California Sur,24.1444,-110.3128,hourly
2025-11-18 01:00:00+00:00,28.3405,48.64087,0.0,5.637765,14.0,Baja California Sur,24.1444,-110.3128,hourly
2025-11-18 02:00:00+00:00,27.290499,57.94285,0.0,0.35999998,0.0,Baja California Sur,24.1444,-110.3128,hourly
2025-11-18 03:00:00+00:00,26.3405,59.752514,0.0,7.10031,0.0,Baja California Sur,24.1444,-110.3128,hourly
2025-11-18 04:00:00+00:00,24.9905,65.76036,0.0,11.7827835,0.0,Baja California Sur,24.1444,-110.3128,hourly
2025-11-18 05:00:00+00:00,24.0905,67.24913,0.0,9.5416975,0.0,Baja California Sur,24.1444,-110.3128,hourly
2025-11-18 06:00:00+00:00,23.290499,70.124016,0.0,9.044888,0.0,Baja California Sur,24.1444,-110.3128,hourly
2025-11-18 07:00:00+00:00,22.7405,72.49723,0.0,11.375658,0.0,Baja California Sur,24.1444,-110.3128,hourly
2025-11-18 08:00:00+00:00,22.290499,74.50625,0.0,10.993271,0.0,Baja California Sur,24.1444,-110.3128,hourly
2025-11-18 09:00:00+00:00,21.8405,75.85639,0.0,9.979859,0.0,Baja California Sur,24.1444,-110.3128,hourly
2025-11-18 10:00:00+00:00,21.3905,75.30546,0.0,9.9977,0.0,Baja California Sur,24.1444,-110.3128,hourly
2025-11-18 11:00:00+00:00,21.0905,72.66528,0.0,7.1208143,0.0,Baja California Sur,24.1444,-110.3128,hourly
2025-11-18 12:00:00+00:00,21.3905,65.84316,0.0,7.555712,0.0,Baja California Sur,24.1444,-110.3128,hourly
2025-11-18 13:00:00+00:00,21.1405,63.283894,0.0,11.672275,0.0,Baja California Sur,24.1444,-110.3128,hourly
2025-11-18 14:00:00+00:00,21.190498,58.725677,0.0,13.262714,5.0,Baja California Sur,24.1444,-110.3128,hourly
2025-11-18 15:00:00+00:00,23.7405,49.8041,0.0,13.288341,127.0,Baja California Sur,24.1444,-110.3128,hourly
2025-11-18 16:00:00+00:00,25.2405,48.126583,0.0,11.351422,330.0,Baja California Sur,24.1444,-110.3128,hourly
2025-11-18 17:00:00+00:00,26.7405,44.905617,0.0,9.473541,516.0,Baja California Sur,24.1444,-110.3128,hourly
2025-11-18 18:00:00+00:00,28.040499,41.748543,0.0,9.255571,646.0,Baja California Sur,24.1444,-110.3128,hourly
2025-11-18 19:00:00+00:00,28.790499,41.0172,0.0,11.5115595,713.0,Baja California Sur,24.1444,-110.3128,hourly
2025-11-18 20:00:00+00:00,28.940498,42.268337,0.0,11.609651,708.0,Baja California Sur,24.1444,-110.3128,hourly
2025-11-18 21:00:00+00:00,29.440498,40.018143,0.0,9.726664,650.0,Baja California Sur,24.1444,-110.3128,hourly
2025-11-18 22:00:00+00:00,29.940498,37.27913,0.0,9.807935,517.0,Baja California Sur,24.1444,-110.3128,hourly
2025-11-18 23:00:00+00:00,29.8405,36.769897,0.0,13.089354,355.0,Baja California Sur,24.1444,-110.3128,hourly
2025-11-19 00:00:00+00:00,28.7405,40.606888,0.0,14.420235,150.0,Baja California Sur,24.1444,-110.3128,hourly
2025-11-19 01:00:00+00:00,27.540499,47.81267,0.0,10.829959,14.0,Baja California Sur,24.1444,-110.3128,hourly
2025-11-19 02:00:00+00:00,26.0905,63.166607,0.0,9.927779,0.0,Baja California Sur,24.1444,-110.3128,hourly
2025-11-19 03:00:00+00:00,25.3405,69.63694,0.0,8.604301,0.0,Baja California Sur,24.1444,-110.3128,hourly
2025-11-19 04:00:00+00:00,24.8405,71.297676,0.0,7.8954163,0.0,Baja California Sur,24.1444,-110.3128,hourly
2025-11-19 05:00:00+00:00,24.8905,70.42424,0.0,7.771331,0.0,Baja California Sur,24.1444,-110.3128,hourly
2025-11-19 06:00:00+00:00,23.5905,74.48873,0.0,4.143911,0.0,Baja California Sur,24.1444,-110.3128,hourly
2025-11-19 07:00:00+00:00,23.690498,69.97903,0.0,5.9617786,0.0,Baja California Sur,24.1444,-110.3128,hourly
2025-11-19 08:00:00+00:00,23.1405,69.43436,0.0,5.068846,0.0,Baja California Sur,24.1444,-110.3128,hourly
2025-11-19 09:00:00+00:00,22.540499,71.777885,0.0,5.1165614,0.0,Baja California Sur,24.1444,-110.3128,hourly
2025-11-19 10:00:00+00:00,22.4905,72.45287,0.0,3.1845248,0.0,Baja California Sur,24.1444,-110.3128,hourly
2025-11-19 11:00:00+00:00,22.6405,72.0232,0.0,1.9469976,0.0,Baja California Sur,24.1444,-110.3128,hourly
2025-11-19 12:00:00+00:00,22.940498,64.914024,0.0,3.6,0.0,Baja California Sur,24.1444,-110.3128,hourly
2025-11-19 13:00:00+00:00,22.690498,66.53883,0.0,1.9386592,0.0,Baja California Sur,24.1444,-110.3128,hourly
2025-11-19 14:00:00+00:00,22.690498,66.53883,0.0,1.6199999,2.0,Baja California Sur,24.1444,-110.3128,hourly
2025-11-19 15:00:00+00:00,24.940498,57.56239,0.0,2.7238941,95.0,Baja California Sur,24.1444,-110.3128,hourly
2025-11-19 16:00:00+00:00,26.5905,53.5464,0.0,4.5891175,264.0,Baja California Sur,24.1444,-110.3128,hourly
2025-11-19 17:00:00+00:00,27.8905,50.893623,0.0,8.12197,434.0,Baja California Sur,24.1444,-110.3128,hourly
2025-11-19 18:00:00+00:00,29.040499,46.556858,0.0,11.431062,574.0,Baja California Sur,24.1444,-110.3128,hourly
2025-11-19 19:00:00+00:00,29.6405,43.560905,0.0,15.589497,671.0,Baja California Sur,24.1444,-110.3128,hourly
2025-11-19 20:00:00+00:00,29.3905,42.120594,0.0,17.975681,657.0,Baja California Sur,24.1444,-110.3128,hourly
2025-11-19 21:00:00+00:00,29.190498,41.930504,0.0,17.892578,552.0,Baja California Sur,24.1444,-110.3128,hourly
2025-11-19 22:00:00+00:00,28.7405,42.34967,0.0,16.904673,449.0,Baja California Sur,24.1444,-110.3128,hourly
2025-11-19 23:00:00+00:00,27.790499,45.777225,0.0,17.254667,303.0,Baja California Sur,24.1444,-110.3128,hourly
2025-11-20 00:00:00+00:00,27.040499,47.37317,0.0,14.561099,140.0,Baja California Sur,24.1444,-110.3128,hourly
2025-11-20 01:00:00+00:00,26.6405,47.26572,0.0,10.5234585,13.0,Baja California Sur,24.1444,-110.3128,hourly
2025-11-20 02:00:00+00:00,25.9905,48.641075,0.0,19.070658,0.0,Baja California Sur,24.1444,-110.3128,hourly
2025-11-20 03:00:00+00:00,24.690498,55.331993,0.0,15.376045,0.0,Baja California Sur,24.1444,-110.3128,hourly
2025-11-20 04:00:00+00:00,23.8405,61.876144,0.0,14.544401,0.0,Baja California Sur,24.1444,-110.3128,hourly
2025-11-20 05:00:00+00:00,23.040499,63.703075,0.0,10.036512,0.0,Baja California Sur,24.1444,-110.3128,hourly
2025-11-12 06:00:00+00:00,18.2085,86.17154,0.0,8.669949,0.0,Campeche,19.8414,-90.5328,hourly
2025-11-12 07:00:00+00:00,17.8585,88.369865,0.0,7.145796,0.0,Campeche,19.8414,-90.5328,hourly
2025-11-12 08:00:00+00:00,17.6085,89.772514,0.0,7.289445,0.0,Campeche,19.8414,-90.5328,hourly
2025-11-12 09:00:00+00:00,17.3085,91.196915,0.0,5.9617786,0.0,Campeche,19.8414,-90.5328,hourly
2025-11-12 10:00:00+00:00,17.008501,92.944466,0.0,5.8409934,0.0,Campeche,19.8414,-90.5328,hourly
2025-11-12 11:00:00+00:00,16.9085,93.23684,0.0,8.149847,0.0,Campeche,19.8414,-90.5328,hourly
2025-11-12 12:00:00+00:00,16.9085,89.43238,0.0,8.322932,0.0,Campeche,19.8414,-90.5328,hourly
2025-11-12 13:00:00+00:00,17.758501,86.40358,0.0,8.723967,40.0,Campeche,19.8414,-90.5328,hourly
2025-11-12 14:00:00+00:00,20.1585,78.787285,0.0,7.689603,208.0,Campeche,19.8414,-90.5328,hourly
2025-11-12 15:00:00+00:00,22.6085,68.02219,0.0,8.827344,411.0,Campeche,19.8414,-90.5328,hourly
2025-11-12 16:00:00+00:00,24.258501,55.760574,0.0,11.503113,585.0,Campeche,19.8414,-90.5328,hourly
2025-11-12 17:00:00+00:00,25.0585,51.46918,0.0,16.299694,693.0,Campeche,19.8414,-90.5328,hourly
2025-11-12 18:00:00+00:00,25.2085,50.51878,0.0,14.81915,716.0,Campeche,19.8414,-90.5328,hourly
2025-11-12 19:00:00+00:00,25.3085,51.368183,0.0,13.8049555,481.0,Campeche,19.8414,-90.5328,hourly
2025-11-12 20:00:00+00:00,24.9085,53.980873,0.0,12.961249,328.0,Campeche,19.8414,-90.5328,hourly
2025-11-12 21:00:00+00:00,24.758501,55.526917,0.0,11.272657,259.0,Campeche,19.8414,-90.5328,hourly
2025-11-12 22:00:00+00:00,24.6585,56.39995,0.0,9.931042,296.0,Campeche,19.8414,-90.5328,hourly
2025-11-12 23:00:00+00:00,22.9585,67.66104,0.0,10.373061,124.0,Campeche,19.8414,-90.5328,hourly
2025-11-13 00:00:00+00:00,21.9085,73.73887,0.0,12.738099,6.0,Campeche,19.8414,-90.5328,hourly
2025-11-13 01:00:00+00:00,21.5585,77.507195,0.0,11.843124,0.0,Campeche,19.8414,-90.5328,hourly
2025-11-13 02:00:00+00:00,21.508501,78.73169,0.0,10.233123,0.0,Campeche,19.8414,-90.5328,hourly
2025-11-13 03:00:00+00:00,20.758501,82.701,0.0,8.748075,0.0,Campeche,19.8414,-90.5328,hourly
2025-11-13 04:00:00+00:00,20.008501,85.26496,0.0,10.158444,0.0,Campeche,19.8414,-90.5328,hourly
2025-11-13 05:00:00+00:00,19.5585,81.77225,0.0,10.32924,0.0,Campeche,19.8414,-90.5328,hourly
2025-11-13 06:00:00+00:00,18.6585,80.87637,0.0,10.564941,0.0,Campeche,19.8414,-90.5328,hourly
2025-11-13 07:00:00+00:00,18.4085,79.04173,0.0,9.92778,0.0,Campeche,19.8414,-90.5328,hourly
2025-11-13 08:00:00+00:00,18.1585,79.51776,0.0,8.415842,0.0,Campeche,19.8414,-90.5328,hourly
2025-11-13 09:00:00+00:00,18.0585,80.796906,0.0,8.0899935,0.0,Campeche,19.8414,-90.5328,hourly
2025-11-13 10:00:00+00:00,17.9585,82.36088,0.0,8.0899935,0.0,Campeche,19.8414,-90.5328,hourly
2025-11-13 11:00:00+00:00,17.9585,83.42735,0.0,7.9077177,0.0,Campeche,19.8414,-90.5328,hourly
2025-11-13 12:00:00+00:00,18.0585,83.438965,0.0,6.015878,0.0,Campeche,19.8414,-90.5328,hourly
2025-11-13 13:00:00+00:00,19.2085,81.98927,0.0,7.8480825,35.0,Campeche,19.8414,-90.5328,hourly
2025-11-13 14:00:00+00:00,21.508501,77.49968,0.0,5.8603754,160.0,Campeche,19.8414,-90.5328,hourly
2025-11-13 15:00:00+00:00,23.508501,73.31897,0.0,6.8777895,283.0,Campeche,19.8414,-90.5328,hourly
2025-11-13 16:00:00+00:00,25.1085,70.68434,0.0,9.449572,397.0,Campeche,19.8414,-90.5328,hourly
2025-11-13 17:00:00+00:00,26.3085,65.82856,0.0,12.399113,473.0,Campeche,19.8414,-90.5328,hourly
2025-11-13 18:00:00+00:00,27.3585,61.694073,0.0,12.730467,543.0,Campeche,19.8414,-90.5328,hourly
2025-11-13 19:00:00+00:00,27.8085,59.90478,0.1,10.055864,564.0,Campeche,19.8414,-90.5328,hourly
2025-11-13 20:00:00+00:00,27.6585,60.620377,0.3,8.55142,564.0,Campeche,19.8414,-90.5328,hourly
2025-11-13 21:00:00+00:00,27.4585,60.953293,0.0,7.771331,420.0,Campeche,19.8414,-90.5328,hourly
2025-11-13 22:00:00+00:00,26.258501,66.02322,0.0,10.962281,234.0,Campeche,19.8414,-90.5328,hourly
2025-11-13 23:00:00+00:00,24.9085,77.28626,0.0,12.688404,117.0,Campeche,19.8414,-90.5328,hourly
2025-11-14 00:00:00+00:00,24.0585,83.08989,0.0,8.641874,5.0,Campeche,19.8414,-90.5328,hourly
2025-11-14 01:00:00+00:00,23.6085,84.585846,0.0,9.321845,0.0,Campeche,19.8414,-90.5328,hourly
2025-11-14 02:00:00+00:00,22.758501,87.68476,0.0,9.627896,0.0,Campeche,19.8414,-90.5328,hourly
2025-11-14 03:00:00+00:00,22.1585,90.66106,0.0,9.179999,0.0,Campeche,19.8414,-90.5328,hourly
2025-11-14 04:00:00+00:00,21.6585,91.47202,0.0,9.793059,0.0,Campeche,19.8414,-90.5328,hourly
2025-11-14 05:00:00+00:00,21.1585,91.72514,0.0,9.54679,0.0,Campeche,19.8414,-90.5328,hourly
2025-11-14 06:00:00+00:00,20.4585,93.994865,0.0,9.1958685,0.0,Campeche,19.8414,-90.5328,hourly
2025-11-14 07:00:00+00:00,20.3585,93.40729,0.0,8.274128,0.0,Campeche,19.8414,-90.5328,hourly
2025-11-14 08:00:00+00:00,20.0585,94.27049,0.0,8.574123,0.0,Campeche,19.8414,-90.5328,hourly
2025-11-14 09:00:00+00:00,19.9085,94.264145,0.0,8.149847,0.0,Campeche,19.8414,-90.5328,hourly
2025-11-14 10:00:00+00:00,19.7085,94.55062,0.0,8.435069,0.0,Campeche,19.8414,-90.5328,hourly
2025-11-14 11:00:00+00:00,19.6585,94.844444,0.0,9.167638,0.0,Campeche,19.8414,-90.5328,hourly
2025-11-14 12:00:00+00:00,19.9085,92.51387,0.0,9.178235,0.0,Campeche,19.8414,-90.5328,hourly
2025-11-14 13:00:00+00:00,20.9585,89.73804,0.0,8.777654,41.0,Campeche,19.8414,-90.5328,hourly
2025-11-14 14:00:00+00:00,23.4085,82.24858,0.0,6.279395,226.0,Campeche,19.8414,-90.5328,hourly
2025-11-14 15:00:00+00:00,25.6585,75.98737,0.0,7.3094187,437.0,Campeche,19.8414,-90.5328,hourly
2025-11-14 16:00:00+00:00,27.4585,66.269485,0.0,11.203464,612.0,Campeche,19.8414,-90.5328,hourly
2025-11-14 17:00:00+00:00,28.4585,60.427082,0.0,10.062305,672.0,Campeche,19.8414,-90.5328,hourly
2025-11-14 18:00:00+00:00,29.008501,57.274284,0.0,7.970972,708.0,Campeche,19.8414,-90.5328,hourly
2025-11-14 19:00:00+00:00,29.4585,54.603836,0.0,7.4346757,713.0,Campeche,19.8414,-90.5328,hourly
2025-11-14 20:00:00+00:00,29.3085,54.736904,0.0,10.070353,659.0,Campeche,19.8414,-90.5328,hourly
2025-11-14 21:00:00+00:00,28.4585,60.054142,0.0,13.288341,516.0,Campeche,19.8414,-90.5328,hourly
2025-11-14 22:00:00+00:00,27.7085,63.714985,0.0,11.841756,316.0,Campeche,19.8414,-90.5328,hourly
2025-11-14 23:00:00+00:00,26.7085,67.355225,0.0,10.783487,121.0,Campeche,19.8414,-90.5328,hourly
2025-11-15 00:00:00+00:00,24.9585,79.21828,0.0,11.968308,5.0,Campeche,19.8414,-90.5328,hourly
2025-11-15 01:00:00+00:00,24.1085,83.86427,0.0,11.612441,0.0,Campeche,19.8414,-90.5328,hourly
2025-11-15 02:00:00+00:00,23.6085,84.585846,0.0,10.706596,0.0,Campeche,19.8414,-90.5328,hourly
2025-11-15 03:00:00+00:00,23.1585,84.537704,0.0,11.144021,0.0,Campeche,19.8414,-90.5328,hourly
2025-11-15 04:00:00+00:00,22.7085,83.967514,0.0,11.414043,0.0,Campeche,19.8414,-90.5328,hourly
2025-11-15 05:00:00+00:00,22.1585,83.90627,0.0,10.185519,0.0,Campeche,19.8414,-90.5328,hourly
2025-11-15 06:00:00+00:00,21.3085,87.28516,0.0,9.109138,0.0,Campeche,19.8414,-90.5328,hourly
2025-11-15 07:00:00+00:00,21.0585,87.53546,0.0,8.641874,0.0,Campeche,19.8414,-90.5328,hourly
2025-11-15 08:00:00+00:00,20.7085,88.60592,0.0,7.995323,0.0,Campeche,19.8414,-90.5328,hourly
2025-11-15 09:00:00+00:00,20.4585,89.701004,0.0,8.131936,0.0,Campeche,19.8414,-90.5328,hourly
2025-11-15 10:00:00+00:00,20.1585,91.66468,0.0,8.049845,0.0,Campeche,19.8414,-90.5328,hourly
2025-11-15 11:00:00+00:00,19.9085,93.38541,0.0,7.628263,0.0,Campeche,19.8414,-90.5328,hourly
2025-11-15 12:00:00+00:00,19.9585,91.36608,0.0,6.9527545,0.0,Campeche,19.8414,-90.5328,hourly
2025-11-15 13:00:00+00:00,20.758501,89.16508,0.0,8.027677,38.0,Campeche,19.8414,-90.5328,hourly
2025-11-15 14:00:00+00:00,22.9585,80.1767,0.0,6.8541956,220.0,Campeche,19.8414,-90.5328,hourly
2025-11-15 15:00:00+00:00,25.1585,71.13424,0.0,8.305396,431.0,Campeche,19.8414,-90.5328,hourly
2025-11-15 16:00:00+00:00,26.9585,61.79693,0.0,9.085988,595.0,Campeche,19.8414,-90.5328,hourly
2025-11-15 17:00:00+00:00,28.258501,56.210045,0.0,8.027678,718.0,Campeche,19.8414,-90.5328,hourly
2025-11-15 18:00:00+00:00,29.3085,52.069374,0.0,7.0107627,782.0,Campeche,19.8414,-90.5328,hourly
2025-11-15 19:00:00+00:00,30.008501,49.079475,0.0,6.12,753.0,Campeche,19.8414,-90.5328,hourly
2025-11-15 20:00:00+00:00,29.2085,52.865204,0.0,10.514218,654.0,Campeche,19.8414,-90.5328,hourly
2025-11-15 21:00:00+00:00,27.4085,66.055305,0.0,14.128566,501.0,Campeche,19.8414,-90.5328,hourly
2025-11-15 22:00:00+00:00,26.5585,67.32523,0.0,13.0806875,301.0,Campeche,19.8414,-90.5328,hourly
2025-11-15 23:00:00+00:00,25.4085,69.433655,0.0,12.72283,127.0,Campeche,19.8414,-90.5328,hourly
2025-11-16 00:00:00+00:00,24.7085,73.98236,0.0,13.379461,5.0,Campeche,19.8414,-90.5328,hourly
2025-11-16 01:00:00+00:00,24.258501,72.991585,0.0,10.8955765,0.0,Campeche,19.8414,-90.5328,hourly
2025-11-16 02:00:00+00:00,23.7085,74.74121,0.0,8.490582,0.0,Campeche,19.8414,-90.5328,hourly
2025-11-16 03:00:00+00:00,23.0585,77.97415,0.0,8.101999,0.0,Campeche,19.8414,-90.5328,hourly
2025-11-16 04:00:00+00:00,22.3085,79.83923,0.0,9.511088,0.0,Campeche,19.8414,-90.5328,hourly
2025-11-16 05:00:00+00:00,21.758501,86.246635,0.0,8.536252,0.0,Campeche,19.8414,-90.5328,hourly
2025-11-16 06:00:00+00:00,21.2085,93.44829,0.0,8.461914,0.0,Campeche,19.8414,-90.5328,hourly
2025-11-16 07:00:00+00:00,21.2085,95.49083,0.0,6.854195,0.0,Campeche,19.8414,-90.5328,hourly
2025-11-16 08:00:00+00:00,21.0585,97.26955,0.0,7.0407386,0.0,Campeche,19.8414,-90.5328,hourly
2025-11-16 09:00:00+00:00,20.9085,97.56696,0.0,6.5520988,0.0,Campeche,19.8414,-90.5328,hourly
2025-11-16 10:00:00+00:00,20.7085,98.16758,0.0,6.320538,0.0,Campeche,19.8414,-90.5328,hourly
2025-11-16 11:00:00+00:00,20.6085,98.46975,0.0,6.379216,0.0,Campeche,19.8414,-90.5328,hourly
2025-11-16 12:00:00+00:00,20.1085,97.8554,0.0,4.278551,0.0,Campeche,19.8414,-90.5328,hourly
2025-11-16 13:00:00+00:00,21.2085,94.90329,0.0,5.937272,39.0,Campeche,19.8414,-90.5328,hourly
2025-11-16 14:00:00+00:00,23.8085,85.1282,0.0,4.0249224,224.0,Campeche,19.8414,-90.5328,hourly
2025-11-16 15:00:00+00:00,26.4085,74.26591,0.0,4.3274937,434.0,Campeche,19.8414,-90.5328,hourly
2025-11-16 16:00:00+00:00,28.2085,65.41145,0.0,3.381893,611.0,Campeche,19.8414,-90.5328,hourly
2025-11-16 17:00:00+00:00,29.4085,59.90157,0.0,1.7076298,732.0,Campeche,19.8414,-90.5328,hourly
2025-11-16 18:00:00+00:00,29.4085,56.66375,0.0,2.1749482,774.0,Campeche,19.8414,-90.5328,hourly
2025-11-16 19:00:00+00:00,29.8085,55.0305,0.1,4.3573384,712.0,Campeche,19.8414,-90.5328,hourly
2025-11-16 20:00:00+00:00,29.758501,54.847824,0.1,6.8777895,617.0,Campeche,19.8414,-90.5328,hourly
2025-11-16 21:00:00+00:00,28.8085,60.134274,0.0,10.055864,485.0,Campeche,19.8414,-90.5328,hourly
2025-11-16 22:00:00+00:00,27.8085,64.329384,0.0,9.432412,311.0,Campeche,19.8414,-90.5328,hourly
2025-11-16 23:00:00+00:00,26.3585,72.90404,0.0,10.8015,121.0,Campeche,19.8414,-90.5328,hourly
2025-11-17 00:00:00+00:00,25.1585,85.785965,0.0,5.983477,5.0,Campeche,19.8414,-90.5328,hourly
2025-11-17 01:00:00+00:00,24.8085,86.274704,0.0,7.256032,0.0,Campeche,19.8414,-90.5328,hourly
2025-11-17 02:00:00+00:00,24.6085,83.91968,0.0,7.2805495,0.0,Campeche,19.8414,-90.5328,hourly
2025-11-17 03:00:00+00:00,24.008501,86.9922,0.0,6.689125,0.0,Campeche,19.8414,-90.5328,hourly
2025-11-17 04:00:00+00:00,23.7085,87.23153,0.0,8.14587,0.0,Campeche,19.8414,-90.5328,hourly
2025-11-17 05:00:00+00:00,23.6585,87.49452,0.0,7.327127,0.0,Campeche,19.8414,-90.5328,hourly
2025-11-17 06:00:00+00:00,23.7085,87.49898,0.0,7.555712,0.0,Campeche,19.8414,-90.5328,hourly
2025-11-17 07:00:00+00:00,23.6585,86.69419,0.0,8.281956,0.0,Campeche,19.8414,-90.5328,hourly
2025-11-17 08:00:00+00:00,23.008501,86.900566,0.0,7.386582,0.0,Campeche,19.8414,-90.5328,hourly
2025-11-17 09:00:00+00:00,22.5585,88.20989,0.0,8.242743,0.0,Campeche,19.8414,-90.5328,hourly
2025-11-17 10:00:00+00:00,22.3585,89.564224,0.0,7.970972,0.0,Campeche,19.8414,-90.5328,hourly
2025-11-17 11:00:00+00:00,21.9585,92.34035,0.0,6.77575,0.0,Campeche,19.8414,-90.5328,hourly
2025-11-17 12:00:00+00:00,22.4585,90.6812,0.0,8.305396,0.0,Campeche,19.8414,-90.5328,hourly
2025-11-17 13:00:00+00:00,23.008501,90.16378,0.0,8.2584505,32.0,Campeche,19.8414,-90.5328,hourly
2025-11-17 14:00:00+00:00,24.7085,83.41955,0.0,8.891344,156.0,Campeche,19.8414,-90.5328,hourly
2025-11-17 15:00:00+00:00,26.4585,76.34479,0.0,9.4238205,318.0,Campeche,19.8414,-90.5328,hourly
2025-11-17 16:00:00+00:00,27.7085,70.72695,0.0,7.889258,340.0,Campeche,19.8414,-90.5328,hourly
2025-11-17 17:00:00+00:00,28.758501,65.32528,0.0,6.6624317,376.0,Campeche,19.8414,-90.5328,hourly
2025-11-17 18:00:00+00:00,30.3085,55.3236,0.0,7.10031,649.0,Campeche,19.8414,-90.5328,hourly
2025-11-17 19:00:00+00:00,31.1585,51.412777,0.0,7.2403865,673.0,Campeche,19.8414,-90.5328,hourly
2025-11-17 20:00:00+00:00,31.2085,50.635033,0.0,7.1684303,540.0,Campeche,19.8414,-90.5328,hourly
2025-11-17 21:00:00+00:00,31.0585,51.22828,0.1,4.143911,434.0,Campeche,19.8414,-90.5328,hourly
2025-11-17 22:00:00+00:00,29.6085,62.383675,0.1,3.381893,239.0,Campeche,19.8414,-90.5328,hourly
2025-11-17 23:00:00+00:00,27.758501,68.60726,0.0,6.725354,87.0,Campeche,19.8414,-90.5328,hourly
2025-11-18 00:00:00+00:00,26.6085,71.39737,0.0,8.181589,3.0,Campeche,19.8414,-90.5328,hourly
2025-11-18 01:00:00+00:00,25.9585,73.28457,0.0,10.656547,0.0,Campeche,19.8414,-90.5328,hourly
2025-11-18 02:00:00+00:00,25.508501,78.09051,0.0,10.6261,0.0,Campeche,19.8414,-90.5328,hourly
2025-11-18 03:00:00+00:00,25.008501,80.94301,0.0,10.209348,0.0,Campeche,19.8414,-90.5328,hourly
2025-11-18 04:00:00+00:00,24.4585,80.12957,0.0,10.644379,0.0,Campeche,19.8414,-90.5328,hourly
2025-11-18 05:00:00+00:00,23.8085,82.04381,0.0,9.96524,0.0,Campeche,19.8414,-90.5328,hourly
2025-11-18 06:00:00+00:00,22.9585,88.78732,0.0,9.391102,0.0,Campeche,19.8414,-90.5328,hourly
2025-11-18 07:00:00+00:00,22.6085,90.69127,0.0,9.215226,0.0,Campeche,19.8414,-90.5328,hourly
2025-11-18 08:00:00+00:00,22.258501,92.64121,0.0,9.47012,0.0,Campeche,19.8414,-90.5328,hourly
2025-11-18 09:00:00+00:00,21.9585,94.060715,0.0,9.6480665,0.0,Campeche,19.8414,-90.5328,hourly
2025-11-18 10:00:00+00:00,21.6085,95.798294,0.0,10.062305,0.0,Campeche,19.8414,-90.5328,hourly
2025-11-18 11:00:00+00:00,21.3585,96.97703,0.0,10.088033,0.0,Campeche,19.8414,-90.5328,hourly
2025-11-18 12:00:00+00:00,21.8085,94.92577,0.0,10.662626,0.0,Campeche,19.8414,-90.5328,hourly
2025-11-18 13:00:00+00:00,22.508501,92.65457,0.0,10.934166,37.0,Campeche,19.8414,-90.5328,hourly
2025-11-18 14:00:00+00:00,24.6585,83.92522,0.0,9.734987,217.0,Campeche,19.8414,-90.5328,hourly
2025-11-18 15:00:00+00:00,26.9085,75.260414,0.0,10.703569,427.0,Campeche,19.8414,-90.5328,hourly
2025-11-18 16:00:00+00:00,28.8085,66.34098,0.0,12.483749,606.0,Campeche,19.8414,-90.5328,hourly
2025-11-18 17:00:00+00:00,30.3085,56.010475,0.0,12.72283,730.0,Campeche,19.8414,-90.5328,hourly
2025-11-18 18:00:00+00:00,31.0585,50.43961,0.0,12.236029,782.0,Campeche,19.8414,-90.5328,hourly
2025-11-18 19:00:00+00:00,31.6585,46.813175,0.0,10.304114,758.0,Campeche,19.8414,-90.5328,hourly
2025-11-18 20:00:00+00:00,31.508501,47.509262,0.0,8.36758,631.0,Campeche,19.8414,-90.5328,hourly
2025-11-18 21:00:00+00:00,31.3085,48.504208,0.0,7.579261,510.0,Campeche,19.8414,-90.5328,hourly
2025-11-18 22:00:00+00:00,30.4085,54.331886,0.0,6.3639607,325.0,Campeche,19.8414,-90.5328,hourly
2025-11-18 23:00:00+00:00,28.3585,64.44602,0.0,6.037383,124.0,Campeche,19.8414,-90.5328,hourly
2025-11-19 00:00:00+00:00,26.8585,70.138626,0.0,9.499158,4.0,Campeche,19.8414,-90.5328,hourly
2025-11-19 01:00:00+00:00,25.9585,73.28457,0.0,10.805998,0.0,Campeche,19.8414,-90.5328,hourly
2025-11-19 02:00:00+00:00,25.4085,73.871376,0.0,11.334285,0.0,Campeche,19.8414,-90.5328,hourly
2025-11-19 03:00:00+00:00,24.9085,74.47556,0.0,9.847496,0.0,Campeche,19.8414,-90.5328,hourly
2025-11-19 04:00:00+00:00,24.1585,77.8936,0.0,8.311245,0.0,Campeche,19.8414,-90.5328,hourly
2025-11-19 05:00:00+00:00,23.508501,82.26073,0.0,7.814986,0.0,Campeche,19.8414,-90.5328,hourly
2025-11-19 06:00:00+00:00,22.9085,86.89134,0.0,8.836514,0.0,Campeche,19.8414,-90.5328,hourly
2025-11-19 07:00:00+00:00,22.6085,88.48634,0.0,8.32877,0.0,Campeche,19.8414,-90.5328,hourly
2025-11-19 08:00:00+00:00,22.2085,90.38547,0.0,7.6367526,0.0,Campeche,19.8414,-90.5328,hourly
2025-11-19 09:00:00+00:00,21.758501,92.32917,0.0,7.3094187,0.0,Campeche,19.8414,-90.5328,hourly
2025-11-19 10:00:00+00:00,21.508501,93.174614,0.0,8.035746,0.0,Campeche,19.8414,-90.5328,hourly
2025-11-19 11:00:00+00:00,21.258501,93.73999,0.0,8.12197,0.0,Campeche,19.8414,-90.5328,hourly
2025-11-19 12:00:00+00:00,21.258501,92.58741,0.0,8.227004,0.0,Campeche,19.8414,-90.5328,hourly
2025-11-19 13:00:00+00:00,21.8085,91.19926,0.0,8.647496,35.0,Campeche,19.8414,-90.5328,hourly
2025-11-19 14:00:00+00:00,24.008501,83.08407,0.0,7.922045,218.0,Campeche,19.8414,-90.5328,hourly
2025-11-19 15:00:00+00:00,26.3085,73.79562,0.0,9.746631,428.0,Campeche,19.8414,-90.5328,hourly
2025-11-19 16:00:00+00:00,28.1585,65.40109,0.0,11.003581,605.0,Campeche,19.8414,-90.5328,hourly
2025-11-19 17:00:00+00:00,29.5585,58.658672,0.0,10.62,729.0,Campeche,19.8414,-90.5328,hourly
2025-11-19 18:00:00+00:00,30.508501,51.72721,0.0,10.299397,747.0,Campeche,19.8414,-90.5328,hourly
2025-11-19 19:00:00+00:00,30.9085,48.702686,0.0,9.194106,702.0,Campeche,19.8414,-90.5328,hourly
2025-11-19 20:00:00+00:00,30.9085,47.7977,0.0,9.449572,601.0,Campeche,19.8414,-90.5328,hourly
2025-11-19 21:00:00+00:00,30.4085,49.803154,0.0,10.1887,461.0,Campeche,19.8414,-90.5328,hourly
2025-11-19 22:00:00+00:00,29.258501,55.41,0.0,9.854075,291.0,Campeche,19.8414,-90.5328,hourly
2025-11-19 23:00:00+00:00,27.508501,63.475082,0.0,7.415038,115.0,Campeche,19.8414,-90.5328,hourly
2025-11-20 00:00:00+00:00,26.508501,65.46202,0.0,9.3876505,4.0,Campeche,19.8414,-90.5328,hourly
2025-11-20 01:00:00+00:00,25.7085,66.32227,0.0,7.491114,0.0,Campeche,19.8414,-90.5328,hourly
2025-11-20 02:00:00+00:00,25.008501,68.92571,0.0,10.819482,0.0,Campeche,19.8414,-90.5328,hourly
2025-11-20 03:00:00+00:00,24.1085,77.16595,0.0,11.019764,0.0,Campeche,19.8414,-90.5328,hourly
2025-11-20 04:00:00+00:00,23.4085,84.04496,0.0,10.993271,0.0,Campeche,19.8414,-90.5328,hourly
2025-11-20 05:00:00+00:00,23.0585,86.9052,0.0,10.897063,0.0,Campeche,19.8414,-90.5328,hourly
2025-11-12 06:00:00+00:00,17.8105,81.28718,0.0,7.120815,0.0,Chiapas,16.7569,-93.1292,hourly
2025-11-12 07:00:00+00:00,17.8605,79.47581,0.0,5.637765,0.0,Chiapas,16.7569,-93.1292,hourly
2025-11-12 08:00:00+00:00,17.7605,79.20482,0.0,3.536439,0.0,Chiapas,16.7569,-93.1292,hourly
2025-11-12 09:00:00+00:00,17.6605,79.7054,0.0,3.9312592,0.0,Chiapas,16.7569,-93.1292,hourly
2025-11-12 10:00:00+00:00,17.5605,81.517815,0.0,5.318383,0.0,Chiapas,16.7569,-93.1292,hourly
2025-11-12 11:00:00+00:00,17.2105,85.79579,0.0,6.279395,0.0,Chiapas,16.7569,-93.1292,hourly
2025-11-12 12:00:00+00:00,16.8605,92.04853,0.0,7.1684303,0.0,Chiapas,16.7569,-93.1292,hourly
2025-11-12 13:00:00+00:00,17.1605,91.18735,0.0,7.1684303,27.0,Chiapas,16.7569,-93.1292,hourly
2025-11-12 14:00:00+00:00,18.3605,82.6751,0.0,7.989242,160.0,Chiapas,16.7569,-93.1292,hourly
2025-11-12 15:00:00+00:00,20.1105,72.25781,0.0,6.6087217,331.0,Chiapas,16.7569,-93.1292,hourly
2025-11-12 16:00:00+00:00,22.5605,61.18988,0.0,6.8919086,547.0,Chiapas,16.7569,-93.1292,hourly
2025-11-12 17:00:00+00:00,24.8605,53.277767,0.0,9.144637,707.0,Chiapas,16.7569,-93.1292,hourly
2025-11-12 18:00:00+00:00,26.210499,49.65084,0.0,14.926983,809.0,Chiapas,16.7569,-93.1292,hourly
2025-11-12 19:00:00+00:00,27.2605,46.67529,0.0,15.9134655,823.0,Chiapas,16.7569,-93.1292,hourly
2025-11-12 20:00:00+00:00,27.2605,45.929092,0.0,17.035456,766.0,Chiapas,16.7569,-93.1292,hourly
2025-11-12 21:00:00+00:00,27.6605,42.74041,0.0,17.581125,618.0,Chiapas,16.7569,-93.1292,hourly
2025-11-12 22:00:00+00:00,26.0105,46.791214,0.0,18.745079,415.0,Chiapas,16.7569,-93.1292,hourly
2025-11-12 23:00:00+00:00,24.1105,53.258144,0.0,16.423458,201.0,Chiapas,16.7569,-93.1292,hourly
2025-11-13 00:00:00+00:00,21.960499,62.854362,0.0,11.480557,22.0,Chiapas,16.7569,-93.1292,hourly
2025-11-13 01:00:00+00:00,20.960499,67.47293,0.0,9.835975,0.0,Chiapas,16.7569,-93.1292,hourly
2025-11-13 02:00:00+00:00,20.0105,72.007484,0.0,9.741642,0.0,Chiapas,16.7569,-93.1292,hourly
2025-11-13 03:00:00+00:00,19.1105,76.393456,0.0,8.854829,0.0,Chiapas,16.7569,-93.1292,hourly
2025-11-13 04:00:00+00:00,18.3105,80.83035,0.0,8.0599,0.0,Chiapas,16.7569,-93.1292,hourly
2025-11-13 05:00:00+00:00,17.5105,84.72908,0.0,8.37532,0.0,Chiapas,16.7569,-93.1292,hourly
2025-11-13 06:00:00+00:00,16.7105,89.129776,0.0,8.225035,0.0,Chiapas,16.7569,-93.1292,hourly
2025-11-13 07:00:00+00:00,16.4605,89.975784,0.0,8.29173,0.0,Chiapas,16.7569,-93.1292,hourly
2025-11-13 08:00:00+00:00,16.0605,92.001274,0.0,8.0599,0.0,Chiapas,16.7569,-93.1292,hourly
2025-11-13 09:00:00+00:00,15.8605,93.786064,0.0,7.353611,0.0,Chiapas,16.7569,-93.1292,hourly
2025-11-13 10:00:00+00:00,15.6105,95.91344,0.0,6.5520988,0.0,Chiapas,16.7569,-93.1292,hourly
2025-11-13 11:00:00+00:00,15.5105,95.60192,0.0,5.8631387,0.0,Chiapas,16.7569,-93.1292,hourly
2025-11-13 12:00:00+00:00,15.710501,94.08184,0.0,6.854195,0.0,Chiapas,16.7569,-93.1292,hourly
2025-11-13 13:00:00+00:00,16.3605,91.723595,0.0,6.698806,26.0,Chiapas,16.7569,-93.1292,hourly
2025-11-13 14:00:00+00:00,18.2605,82.13378,0.0,4.952453,169.0,Chiapas,16.7569,-93.1292,hourly
2025-11-13 15:00:00+00:00,21.0605,69.4752,0.0,2.1674871,415.0,Chiapas,16.7569,-93.1292,hourly
2025-11-13 16:00:00+00:00,24.0605,57.165237,0.0,3.096837,621.0,Chiapas,16.7569,-93.1292,hourly
2025-11-13 17:00:00+00:00,26.5105,48.77945,0.0,9.080639,747.0,Chiapas,16.7569,-93.1292,hourly
2025-11-13 18:00:00+00:00,26.710499,50.42495,0.0,16.904673,797.0,Chiapas,16.7569,-93.1292,hourly
2025-11-13 19:00:00+00:00,27.6105,46.023808,0.0,18.396141,643.0,Chiapas,16.7569,-93.1292,hourly
2025-11-13 20:00:00+00:00,28.3105,44.0406,0.0,18.59845,513.0,Chiapas,16.7569,-93.1292,hourly
2025-11-13 21:00:00+00:00,28.4105,44.0679,0.0,18.917133,514.0,Chiapas,16.7569,-93.1292,hourly
2025-11-13 22:00:00+00:00,26.7605,49.160686,0.0,19.121557,394.0,Chiapas,16.7569,-93.1292,hourly
2025-11-13 23:00:00+00:00,24.9105,55.209335,0.0,17.447933,179.0,Chiapas,16.7569,-93.1292,hourly
2025-11-14 00:00:00+00:00,22.9105,64.28849,0.0,15.2947035,20.0,Chiapas,16.7569,-93.1292,hourly
2025-11-14 01:00:00+00:00,22.1605,67.71595,0.0,12.303366,0.0,Chiapas,16.7569,-93.1292,hourly
2025-11-14 02:00:00+00:00,21.3105,72.012146,0.0,9.927779,0.0,Chiapas,16.7569,-93.1292,hourly
2025-11-14 03:00:00+00:00,20.5605,75.89246,0.0,8.225035,0.0,Chiapas,16.7569,-93.1292,hourly
2025-11-14 04:00:00+00:00,19.8105,79.494255,0.0,7.4932766,0.0,Chiapas,16.7569,-93.1292,hourly
2025-11-14 05:00:00+00:00,19.0605,82.759544,0.0,6.76618,0.0,Chiapas,16.7569,-93.1292,hourly
2025-11-14 06:00:00+00:00,18.210499,85.07651,0.0,8.0899935,0.0,Chiapas,16.7569,-93.1292,hourly
2025-11-14 07:00:00+00:00,17.960499,86.14705,0.0,8.863972,0.0,Chiapas,16.7569,-93.1292,hourly
2025-11-14 08:00:00+00:00,17.5605,89.48249,0.0,8.723967,0.0,Chiapas,16.7569,-93.1292,hourly
2025-11-14 09:00:00+00:00,17.4105,90.33361,0.0,7.8954163,0.0,Chiapas,16.7569,-93.1292,hourly
2025-11-14 10:00:00+00:00,17.3605,91.49201,0.0,6.763786,0.0,Chiapas,16.7569,-93.1292,hourly
2025-11-14 11:00:00+00:00,17.2605,92.957695,0.0,6.5248446,0.0,Chiapas,16.7569,-93.1292,hourly
2025-11-14 12:00:00+00:00,17.1105,93.8439,0.0,6.76618,0.0,Chiapas,16.7569,-93.1292,hourly
2025-11-14 13:00:00+00:00,18.1105,89.23989,0.0,5.5567255,21.0,Chiapas,16.7569,-93.1292,hourly
2025-11-14 14:00:00+00:00,20.1105,80.29822,0.0,5.4833565,155.0,Chiapas,16.7569,-93.1292,hourly
2025-11-14 15:00:00+00:00,23.0105,68.10232,0.0,5.509882,387.0,Chiapas,16.7569,-93.1292,hourly
2025-11-14 16:00:00+00:00,25.210499,60.057755,0.0,6.489992,514.0,Chiapas,16.7569,-93.1292,hourly
2025-11-14 17:00:00+00:00,26.460499,56.481297,0.0,10.075177,591.0,Chiapas,16.7569,-93.1292,hourly
2025-11-14 18:00:00+00:00,26.710499,57.260525,0.0,14.512064,726.0,Chiapas,16.7569,-93.1292,hourly
2025-11-14 19:00:00+00:00,27.3105,56.509884,0.0,15.03835,499.0,Chiapas,16.7569,-93.1292,hourly
2025-11-14 20:00:00+00:00,28.0105,52.727642,0.0,15.281989,440.0,Chiapas,16.7569,-93.1292,hourly
2025-11-14 21:00:00+00:00,28.4105,48.65936,0.0,15.7908325,440.0,Chiapas,16.7569,-93.1292,hourly
2025-11-14 22:00:00+00:00,27.8605,48.98031,0.0,15.561413,334.0,Chiapas,16.7569,-93.1292,hourly
2025-11-14 23:00:00+00:00,25.960499,57.807667,0.0,15.580141,173.0,Chiapas,16.7569,-93.1292,hourly
2025-11-15 00:00:00+00:00,23.4105,74.92599,0.0,12.097553,18.0,Chiapas,16.7569,-93.1292,hourly
2025-11-15 01:00:00+00:00,23.0105,76.280464,0.0,11.19189,0.0,Chiapas,16.7569,-93.1292,hourly
2025-11-15 02:00:00+00:00,22.6105,78.39716,0.0,9.904906,0.0,Chiapas,16.7569,-93.1292,hourly
2025-11-15 03:00:00+00:00,21.8105,85.184746,0.0,8.155807,0.0,Chiapas,16.7569,-93.1292,hourly
2025-11-15 04:00:00+00:00,21.460499,87.29887,0.0,6.1226463,0.0,Chiapas,16.7569,-93.1292,hourly
2025-11-15 05:00:00+00:00,20.960499,90.018005,0.0,6.12,0.0,Chiapas,16.7569,-93.1292,hourly
2025-11-15 06:00:00+00:00,20.6605,93.13213,0.0,7.0911775,0.0,Chiapas,16.7569,-93.1292,hourly
2025-11-15 07:00:00+00:00,20.5105,93.7055,0.0,6.830519,0.0,Chiapas,16.7569,-93.1292,hourly
2025-11-15 08:00:00+00:00,20.460499,93.41222,0.0,7.172949,0.0,Chiapas,16.7569,-93.1292,hourly
2025-11-15 09:00:00+00:00,20.210499,94.27693,0.0,5.5450516,0.0,Chiapas,16.7569,-93.1292,hourly
2025-11-15 10:00:00+00:00,19.960499,95.152016,0.0,4.353619,0.0,Chiapas,16.7569,-93.1292,hourly
2025-11-15 11:00:00+00:00,19.9105,94.55876,0.0,3.9966488,0.0,Chiapas,16.7569,-93.1292,hourly
2025-11-15 12:00:00+00:00,19.8105,96.04055,0.0,4.278551,0.0,Chiapas,16.7569,-93.1292,hourly
2025-11-15 13:00:00+00:00,20.1105,94.2727,0.0,4.5891175,15.0,Chiapas,16.7569,-93.1292,hourly
2025-11-15 14:00:00+00:00,21.6105,85.696686,0.0,4.3498964,123.0,Chiapas,16.7569,-93.1292,hourly
2025-11-15 15:00:00+00:00,23.9105,72.02447,0.0,2.907989,280.0,Chiapas,16.7569,-93.1292,hourly
2025-11-15 16:00:00+00:00,26.2605,58.985992,0.0,2.7475805,448.0,Chiapas,16.7569,-93.1292,hourly
2025-11-15 17:00:00+00:00,28.0605,51.261345,0.0,6.424764,571.0,Chiapas,16.7569,-93.1292,hourly
2025-11-15 18:00:00+00:00,28.4105,53.666042,0.0,10.387107,713.0,Chiapas,16.7569,-93.1292,hourly
2025-11-15 19:00:00+00:00,28.7605,55.80773,0.0,12.241323,713.0,Chiapas,16.7569,-93.1292,hourly
2025-11-15 20:00:00+00:00,27.1605,60.88568,0.0,14.174356,502.0,Chiapas,16.7569,-93.1292,hourly
2025-11-15 21:00:00+00:00,27.210499,60.5182,0.0,12.221457,461.0,Chiapas,16.7569,-93.1292,hourly
2025-11-15 22:00:00+00:00,26.1105,65.58292,0.0,11.919479,298.0,Chiapas,16.7569,-93.1292,hourly
2025-11-15 23:00:00+00:00,24.460499,73.48238,0.0,10.717182,145.0,Chiapas,16.7569,-93.1292,hourly
2025-11-16 00:00:00+00:00,22.6605,84.48417,0.0,10.1456785,14.0,Chiapas,16.7569,-93.1292,hourly
2025-11-16 01:00:00+00:00,22.210499,87.90847,0.0,8.6193495,0.0,Chiapas,16.7569,-93.1292,hourly
2025-11-16 02:00:00+00:00,21.960499,89.811646,0.0,7.5942082,0.0,Chiapas,16.7569,-93.1292,hourly
2025-11-16 03:00:00+00:00,21.9105,90.64436,0.0,6.391901,0.0,Chiapas,16.7569,-93.1292,hourly
2025-11-16 04:00:00+00:00,21.7605,91.478325,0.0,5.7431,0.0,Chiapas,16.7569,-93.1292,hourly
2025-11-16 05:00:00+00:00,21.5605,93.177246,0.0,5.09435,0.0,Chiapas,16.7569,-93.1292,hourly
2025-11-16 06:00:00+00:00,21.460499,94.6207,0.0,4.1085763,0.0,Chiapas,16.7569,-93.1292,hourly
2025-11-16 07:00:00+00:00,21.6105,93.75613,0.0,4.3498964,0.0,Chiapas,16.7569,-93.1292,hourly
2025-11-16 08:00:00+00:00,21.6105,93.17972,0.0,4.510787,0.0,Chiapas,16.7569,-93.1292,hourly
2025-11-16 09:00:00+00:00,21.3105,94.61477,0.0,4.2671766,0.0,Chiapas,16.7569,-93.1292,hourly
2025-11-16 10:00:00+00:00,21.0105,96.37278,0.0,4.3536186,0.0,Chiapas,16.7569,-93.1292,hourly
2025-11-16 11:00:00+00:00,20.710499,97.26246,0.0,3.6447225,0.0,Chiapas,16.7569,-93.1292,hourly
2025-11-16 12:00:00+00:00,20.7605,99.080444,0.0,1.484318,0.0,Chiapas,16.7569,-93.1292,hourly
2025-11-16 13:00:00+00:00,21.0105,98.47435,0.0,2.4216523,23.0,Chiapas,16.7569,-93.1292,hourly
2025-11-16 14:00:00+00:00,23.1105,82.979454,0.0,1.8,178.0,Chiapas,16.7569,-93.1292,hourly
2025-11-16 15:00:00+00:00,25.6105,67.55458,0.0,7.16617,421.0,Chiapas,16.7569,-93.1292,hourly
2025-11-16 16:00:00+00:00,27.3105,59.789867,0.0,9.504273,590.0,Chiapas,16.7569,-93.1292,hourly
2025-11-16 17:00:00+00:00,28.5105,54.539375,0.0,9.860649,634.0,Chiapas,16.7569,-93.1292,hourly
2025-11-16 18:00:00+00:00,30.0105,47.112545,0.0,8.604301,736.0,Chiapas,16.7569,-93.1292,hourly
2025-11-16 19:00:00+00:00,31.1605,43.696766,0.0,8.260411,754.0,Chiapas,16.7569,-93.1292,hourly
2025-11-16 20:00:00+00:00,31.5105,42.030075,0.0,7.5942073,692.0,Chiapas,16.7569,-93.1292,hourly
2025-11-16 21:00:00+00:00,31.8605,41.59637,0.0,9.430695,595.0,Chiapas,16.7569,-93.1292,hourly
2025-11-16 22:00:00+00:00,29.9105,47.985416,0.1,10.304114,333.0,Chiapas,16.7569,-93.1292,hourly
2025-11-16 23:00:00+00:00,27.6605,61.379246,0.2,9.567131,146.0,Chiapas,16.7569,-93.1292,hourly
2025-11-17 00:00:00+00:00,26.1605,72.42299,0.0,9.449572,17.0,Chiapas,16.7569,-93.1292,hourly
2025-11-17 01:00:00+00:00,25.0605,78.50629,0.1,5.728979,0.0,Chiapas,16.7569,-93.1292,hourly
2025-11-17 02:00:00+00:00,23.6105,87.22273,1.0,4.7521367,0.0,Chiapas,16.7569,-93.1292,hourly
2025-11-17 03:00:00+00:00,23.1605,89.07613,0.1,6.5049515,0.0,Chiapas,16.7569,-93.1292,hourly
2025-11-17 04:00:00+00:00,23.0105,85.30838,0.0,5.4744864,0.0,Chiapas,16.7569,-93.1292,hourly
2025-11-17 05:00:00+00:00,22.4105,88.74353,0.0,5.068846,0.0,Chiapas,16.7569,-93.1292,hourly
2025-11-17 06:00:00+00:00,21.960499,94.93148,0.0,1.8792552,0.0,Chiapas,16.7569,-93.1292,hourly
2025-11-17 07:00:00+00:00,21.8105,96.39428,0.0,1.8532133,0.0,Chiapas,16.7569,-93.1292,hourly
2025-11-17 08:00:00+00:00,21.5105,97.5779,0.0,2.8116899,0.0,Chiapas,16.7569,-93.1292,hourly
2025-11-17 09:00:00+00:00,21.460499,96.38491,0.0,3.096837,0.0,Chiapas,16.7569,-93.1292,hourly
2025-11-17 10:00:00+00:00,21.3605,96.085976,0.0,2.1749482,0.0,Chiapas,16.7569,-93.1292,hourly
2025-11-17 11:00:00+00:00,21.4105,95.497574,0.0,0.9178235,0.0,Chiapas,16.7569,-93.1292,hourly
2025-11-17 12:00:00+00:00,20.6605,97.86424,0.0,0.56920993,0.0,Chiapas,16.7569,-93.1292,hourly
2025-11-17 13:00:00+00:00,21.2605,94.3211,0.0,0.25455844,26.0,Chiapas,16.7569,-93.1292,hourly
2025-11-17 14:00:00+00:00,23.3605,83.78087,0.0,2.5264204,170.0,Chiapas,16.7569,-93.1292,hourly
2025-11-17 15:00:00+00:00,25.460499,70.530205,0.0,6.21717,384.0,Chiapas,16.7569,-93.1292,hourly
2025-11-17 16:00:00+00:00,27.460499,60.198864,0.0,7.968939,592.0,Chiapas,16.7569,-93.1292,hourly
2025-11-17 17:00:00+00:00,29.1105,52.182312,0.0,7.689603,721.0,Chiapas,16.7569,-93.1292,hourly
2025-11-17 18:00:00+00:00,30.4105,46.18918,0.0,7.9526596,744.0,Chiapas,16.7569,-93.1292,hourly
2025-11-17 19:00:00+00:00,31.0605,45.211506,0.0,8.163749,748.0,Chiapas,16.7569,-93.1292,hourly
2025-11-17 20:00:00+00:00,31.8105,42.51255,0.1,6.7469993,751.0,Chiapas,16.7569,-93.1292,hourly
2025-11-17 21:00:00+00:00,31.6605,42.337784,0.1,4.896529,500.0,Chiapas,16.7569,-93.1292,hourly
2025-11-17 22:00:00+00:00,31.460499,42.28332,0.1,6.28713,391.0,Chiapas,16.7569,-93.1292,hourly
2025-11-17 23:00:00+00:00,30.1105,45.673466,0.0,7.5363917,190.0,Chiapas,16.7569,-93.1292,hourly
2025-11-18 00:00:00+00:00,27.8605,59.54501,0.0,9.801326,17.0,Chiapas,16.7569,-93.1292,hourly
2025-11-18 01:00:00+00:00,26.5605,66.49658,0.0,8.139901,0.0,Chiapas,16.7569,-93.1292,hourly
2025-11-18 02:00:00+00:00,25.6605,71.22571,0.0,8.225035,0.0,Chiapas,16.7569,-93.1292,hourly
2025-11-18 03:00:00+00:00,25.0105,75.88559,0.0,8.225035,0.0,Chiapas,16.7569,-93.1292,hourly
2025-11-18 04:00:00+00:00,24.3105,81.10208,0.0,7.570707,0.0,Chiapas,16.7569,-93.1292,hourly
2025-11-18 05:00:00+00:00,23.8605,84.094666,0.0,5.6002855,0.0,Chiapas,16.7569,-93.1292,hourly
2025-11-18 06:00:00+00:00,23.210499,89.08001,0.0,4.913044,0.0,Chiapas,16.7569,-93.1292,hourly
2025-11-18 07:00:00+00:00,22.8105,91.54278,0.0,4.8965297,0.0,Chiapas,16.7569,-93.1292,hourly
2025-11-18 08:00:00+00:00,22.460499,93.79487,0.0,3.8939953,0.0,Chiapas,16.7569,-93.1292,hourly
2025-11-18 09:00:00+00:00,22.4105,94.08035,0.0,2.4216523,0.0,Chiapas,16.7569,-93.1292,hourly
2025-11-18 10:00:00+00:00,22.4105,94.08035,0.0,2.0523157,0.0,Chiapas,16.7569,-93.1292,hourly
2025-11-18 11:00:00+00:00,22.210499,94.94079,0.0,2.6758924,0.0,Chiapas,16.7569,-93.1292,hourly
2025-11-18 12:00:00+00:00,21.1605,99.69358,0.0,4.198285,0.0,Chiapas,16.7569,-93.1292,hourly
2025-11-18 13:00:00+00:00,21.4105,98.1772,0.0,4.829907,25.0,Chiapas,16.7569,-93.1292,hourly
2025-11-18 14:00:00+00:00,24.3605,81.108444,0.0,1.8532133,189.0,Chiapas,16.7569,-93.1292,hourly
2025-11-18 15:00:00+00:00,27.1605,66.20855,0.0,2.7238941,438.0,Chiapas,16.7569,-93.1292,hourly
2025-11-18 16:00:00+00:00,29.210499,55.39825,0.0,5.195113,612.0,Chiapas,16.7569,-93.1292,hourly
2025-11-18 17:00:00+00:00,30.6605,48.63776,0.0,6.7205353,666.0,Chiapas,16.7569,-93.1292,hourly
2025-11-18 18:00:00+00:00,31.0105,46.059143,0.0,5.1919937,623.0,Chiapas,16.7569,-93.1292,hourly
2025-11-18 19:00:00+00:00,32.5105,40.34944,0.0,6.638072,756.0,Chiapas,16.7569,-93.1292,hourly
2025-11-18 20:00:00+00:00,32.0105,42.299446,0.1,7.989242,655.0,Chiapas,16.7569,-93.1292,hourly
2025-11-18 21:00:00+00:00,30.6605,50.494076,0.2,12.606426,519.0,Chiapas,16.7569,-93.1292,hourly
2025-11-18 22:00:00+00:00,29.5105,55.471638,0.0,13.493999,361.0,Chiapas,16.7569,-93.1292,hourly
2025-11-18 23:00:00+00:00,27.710499,65.10697,0.0,14.618837,178.0,Chiapas,16.7569,-93.1292,hourly
2025-11-19 00:00:00+00:00,25.6105,75.514496,0.0,12.98248,19.0,Chiapas,16.7569,-93.1292,hourly
2025-11-19 01:00:00+00:00,24.8605,79.20467,0.0,10.692969,0.0,Chiapas,16.7569,-93.1292,hourly
2025-11-19 02:00:00+00:00,24.4105,82.36963,0.0,8.6867485,0.0,Chiapas,16.7569,-93.1292,hourly
2025-11-19 03:00:00+00:00,23.8105,86.44326,0.0,7.10031,0.0,Chiapas,16.7569,-93.1292,hourly
2025-11-19 04:00:00+00:00,23.4105,89.095535,0.0,6.297428,0.0,Chiapas,16.7569,-93.1292,hourly
2025-11-19 05:00:00+00:00,23.1105,91.28153,0.0,5.8409934,0.0,Chiapas,16.7569,-93.1292,hourly
2025-11-19 06:00:00+00:00,23.3105,96.14202,0.0,4.510787,0.0,Chiapas,16.7569,-93.1292,hourly
2025-11-19 07:00:00+00:00,23.4105,92.702484,0.0,2.5772078,0.0,Chiapas,16.7569,-93.1292,hourly
2025-11-19 08:00:00+00:00,22.6605,88.49061,0.5,1.9134263,0.0,Chiapas,16.7569,-93.1292,hourly
2025-11-19 09:00:00+00:00,22.3605,95.52906,0.2,2.7943513,0.0,Chiapas,16.7569,-93.1292,hourly
2025-11-19 10:00:00+00:00,21.7605,98.48294,0.0,0.25455844,0.0,Chiapas,16.7569,-93.1292,hourly
2025-11-19 11:00:00+00:00,21.7605,98.78472,0.0,1.835647,0.0,Chiapas,16.7569,-93.1292,hourly
2025-11-19 12:00:00+00:00,21.9105,93.481865,0.0,3.96,0.0,Chiapas,16.7569,-93.1292,hourly
2025-11-19 13:00:00+00:00,22.3105,92.3599,0.0,3.84796,26.0,Chiapas,16.7569,-93.1292,hourly
2025-11-19 14:00:00+00:00,24.8105,76.79651,0.0,0.25455844,197.0,Chiapas,16.7569,-93.1292,hourly
2025-11-19 15:00:00+00:00,26.8105,65.52493,0.0,2.7943513,408.0,Chiapas,16.7569,-93.1292,hourly
2025-11-19 16:00:00+00:00,28.8105,55.30017,0.0,4.0449963,598.0,Chiapas,16.7569,-93.1292,hourly
2025-11-19 17:00:00+00:00,30.1605,49.119236,0.0,4.514377,684.0,Chiapas,16.7569,-93.1292,hourly
2025-11-19 18:00:00+00:00,31.710499,42.0846,0.0,4.829907,774.0,Chiapas,16.7569,-93.1292,hourly
2025-11-19 19:00:00+00:00,33.0605,36.481308,0.0,6.6818557,788.0,Chiapas,16.7569,-93.1292,hourly
2025-11-19 20:00:00+00:00,32.4605,38.70786,0.0,9.178235,716.0,Chiapas,16.7569,-93.1292,hourly
2025-11-19 21:00:00+00:00,29.6605,55.680595,0.2,15.210799,516.0,Chiapas,16.7569,-93.1292,hourly
2025-11-19 22:00:00+00:00,28.6605,59.36118,0.0,14.230248,326.0,Chiapas,16.7569,-93.1292,hourly
2025-11-19 23:00:00+00:00,26.9105,65.54572,0.0,14.773164,170.0,Chiapas,16.7569,-93.1292,hourly
2025-11-20 00:00:00+00:00,25.3605,73.40848,0.0,12.538134,19.0,Chiapas,16.7569,-93.1292,hourly
2025-11-20 01:00:00+00:00,24.7605,76.788864,0.0,11.384198,0.0,Chiapas,16.7569,-93.1292,hourly
2025-11-20 02:00:00+00:00,24.210499,81.08926,0.0,7.9932966,0.0,Chiapas,16.7569,-93.1292,hourly
2025-11-20 03:00:00+00:00,23.8105,84.34795,0.0,7.8480825,0.0,Chiapas,16.7569,-93.1292,hourly
2025-11-20 04:00:00+00:00,23.2605,87.99803,0.0,5.09435,0.0,Chiapas,16.7569,-93.1292,hourly
2025-11-20 05:00:00+00:00,22.9105,90.711426,0.0,5.8769383,0.0,Chiapas,16.7569,-93.1292,hourly
